:020000040800F2
:1000000000000220598A00088510000887100008A7
:10001000891000088B1000088D10000800000000F7
:100020000000000000000000000000003174000823
:100030008F10000800000000D17400089110000823
:10004000A98A0008A98A0008A98A0008A98A0008C4
:10005000A98A0008A98A0008A98A0008A98A0008B4
:10006000A98A0008A7100008A98A0008A98A000820
:10007000B1100008A98A0008A98A0008A98A000806
:10008000A98A0008A98A0008A98A0008A98A000884
:10009000C1100008A98A0008A98A0008A98A0008D6
:1000A000A98A0008A98A0008A98A0008A98A000864
:1000B000A98A0008A98A0008A98A0008A98A000854
:1000C000A98A0008A98A0008A98A0008A98A000844
:1000D000A98A0008D1100008A98A0008B92D0008D3
:1000E000A98A0008A98A0008A98A0008A98A000824
:1000F000A98A0008A98A0008A98A0008A98A000814
:10010000A98A0008A98A0008A98A0008A98A000803
:10011000A98A0008A98A0008A98A0008A98A0008F3
:10012000A98A0008A98A0008E1100008F110000857
:10013000A98A0008A98A0008A98A0008A98A0008D3
:1001400001110008A98A0008A98A0008A98A0008E4
:10015000111100082111000831110008393400087C
:10016000A98A0008A98A0008A98A0008A98A0008A3
:10017000A98A0008A98A0008A98A000800000000CE
:08018000A98A0008A98A000801
:1001900010B5054C237833B9044B13B10448AFF3C1
:1001A00000800123237010BDD0000020000000005B
:1001B000BC90000808B5034B1BB103490348AFF3DB
:1001C000008008BD00000000D4000020BC900008A2
:1001D00081F0004102E000BF83F0004330B54FEAF8
:1001E00041044FEA430594EA050F08BF90EA020F65
:1001F0001FBF54EA000C55EA020C7FEA645C7FEAF8
:10020000655C00F0E2804FEA5454D4EB5555B8BF1A
:100210006D420CDD2C4480EA020281EA030382EA8B
:10022000000083EA010180EA020281EA0303362D1D
:1002300088BF30BD11F0004F4FEA01314FF4801CF0
:100240004CEA113102D0404261EB410113F0004F02
:100250004FEA03334CEA133302D0524263EB4303B9
:1002600094EA050F00F0A780A4F10104D5F1200E57
:100270000DDB02FA0EFC22FA05F2801841F10001B2
:1002800003FA0EF2801843FA05F359410EE0A5F186
:1002900020050EF1200E012A03FA0EFC28BF4CF0B7
:1002A000020C43FA05F3C01851EBE37101F000456D
:1002B00007D54FF0000EDCF1000C7EEB00006EEB7A
:1002C0000101B1F5801F1BD3B1F5001F0CD3490804
:1002D0005FEA30004FEA3C0C04F101044FEA44525B
:1002E00012F5800F80F09A80BCF1004F08BF5FEAE2
:1002F000500C50F1000041EB045141EA050130BDC2
:100300005FEA4C0C404141EB0101013C28BFB1F5D3
:10031000801FE9D291F0000F04BF01460020B1FA1E
:1003200081F308BF2033A3F10B03B3F120020CDAF1
:100330000C3208DD02F1140CC2F10C0201FA0CF0CF
:1003400021FA02F10CE002F11402D8BFC2F1200C34
:1003500001FA02F120FA0CFCDCBF41EA0C019040EA
:10036000E41AA2BF01EB0451294330BD6FEA040433
:100370001F3C1CDA0C340EDC04F11404C4F120021E
:1003800020FA04F001FA02F340EA030021FA04F330
:1003900045EA030130BDC4F10C04C4F1200220FA87
:1003A00002F001FA04F340EA0300294630BD21FAC5
:1003B00004F0294630BD94F0000F83F4801306BF8B
:1003C00081F480110134013D4EE77FEA645C18BF7F
:1003D0007FEA655C29D094EA050F08BF90EA020F16
:1003E00005D054EA000C04BF1946104630BD91EA0E
:1003F000030F1EBF0021002030BD5FEA545C05D111
:100400004000494128BF41F0004130BD14F580044F
:100410003CBF01F5801130BD01F0004545F0FE41C3
:1004200041F470014FF0000030BD7FEA645C1ABFF8
:10043000194610467FEA655C1CBF0B46024650EA2F
:10044000013406BF52EA033591EA030F41F400215B
:1004500030BD00BF90F0000F04BF0021704730B5E1
:100460004FF4806404F132044FF000054FF00001B6
:1004700050E700BF90F0000F04BF0021704730B577
:100480004FF4806404F1320410F0004548BF40424C
:100490004FF000013EE700BF42004FEAE2014FEAA1
:1004A00031014FEA02701FBF12F07F4393F07F4F7C
:1004B00081F06051704732F07F4208BF704793F07F
:1004C0007F4F04BF41F40021704730B54FF4607492
:1004D00001F0004521F000411CE700BF50EA010295
:1004E00008BF704730B54FF000050AE050EA01023E
:1004F00008BF704730B511F0004502D5404261EBAE
:1005000041014FF4806404F132045FEA915C3FF4EE
:10051000D8AE4FF003025FEADC0C18BF03325FEA8B
:10052000DC0C18BF033202EBDC02C2F1200300FA3C
:1005300003FC20FA02F001FA03FE40EA0E0021FA61
:1005400002F11444BDE600BF70B54FF0FF0C4CF44F
:10055000E06C1CEA11541DBF1CEA135594EA0C0F01
:1005600095EA0C0F00F0DEF82C4481EA030621EA3C
:100570004C5123EA4C5350EA013518BF52EA033577
:1005800041F4801143F4801338D0A0FB02CE4FF029
:100590000005E1FB02E506F00042E0FB03E54FF059
:1005A0000006E1FB03569CF0000F18BF4EF0010E51
:1005B000A4F1FF04B6F5007F64F5407404D25FEA4D
:1005C0004E0E6D4146EB060642EAC62141EA555100
:1005D0004FEAC52040EA5E504FEACE2EB4F1FD0C42
:1005E00088BFBCF5E06F1ED8BEF1004F08BF5FEAC0
:1005F000500E50F1000041EB045170BD06F0004672
:1006000046EA010140EA020081EA0301B4EB5C041E
:10061000C2BFD4EB0C0541EA045170BD41F4801116
:100620004FF0000E013C00F3AB8014F1360FDEBF3B
:10063000002001F0004170BDC4F10004203C35DA17
:100640000C341BDC04F11404C4F1200500FA05F39A
:1006500020FA04F001FA05F240EA020001F000423B
:1006600021F0004110EBD37021FA04F642EB0601B1
:100670005EEA430E08BF20EAD37070BDC4F10C04DB
:10068000C4F1200500FA04F320FA05F001FA04F29F
:1006900040EA020001F0004110EBD37041F100018B
:1006A0005EEA430E08BF20EAD37070BDC4F1200596
:1006B00000FA05F24EEA020E20FA04F301FA05F2FE
:1006C00043EA020321FA04F001F0004121FA04F2A6
:1006D00020EA020000EBD3705EEA430E08BF20EA76
:1006E000D37070BD94F0000F0FD101F000464000B0
:1006F00041EB010111F4801F08BF013CF7D041EA32
:10070000060195F0000F18BF704703F00046520035
:1007100043EB030313F4801F08BF013DF7D043EA06
:100720000603704794EA0C0F0CEA135518BF95EABC
:100730000C0F0CD050EA410618BF52EA4306D1D143
:1007400081EA030101F000414FF0000070BD50EA62
:10075000410606BF1046194652EA430619D094EAEC
:100760000C0F02D150EA013613D195EA0C0F05D1D6
:1007700052EA03361CBF104619460AD181EA03012A
:1007800001F0004141F0FE4141F470014FF00000E2
:1007900070BD41F0FE4141F4780170BD70B54FF07D
:1007A000FF0C4CF4E06C1CEA11541DBF1CEA1355FD
:1007B00094EA0C0F95EA0C0F00F0A7F8A4EB0504DF
:1007C00081EA030E52EA03354FEA013100F08880D6
:1007D0004FEA03334FF0805545EA131343EA12639F
:1007E0004FEA022245EA111545EA10654FEA002654
:1007F0000EF000419D4208BF964244F1FD0404F50D
:10080000407402D25B084FEA3202B61A65EB030568
:100810005B084FEA32024FF480104FF4002CB6EB25
:10082000020E75EB030E22BFB61A754640EA0C00A5
:100830005B084FEA3202B6EB020E75EB030E22BFE5
:10084000B61A754640EA5C005B084FEA3202B6EB26
:10085000020E75EB030E22BFB61A754640EA9C00E5
:100860005B084FEA3202B6EB020E75EB030E22BFB5
:10087000B61A754640EADC0055EA060E18D04FEA73
:10088000051545EA16754FEA06164FEAC30343EA13
:1008900052734FEAC2025FEA1C1CC0D111F4801FE0
:1008A0000BD141EA00014FF000004FF0004CB6E7D9
:1008B00011F4801F04BF01430020B4F1FD0C88BF78
:1008C000BCF5E06F3FF6AFAEB5EB030C04BFB6EB83
:1008D000020C5FEA500C50F1000041EB045170BD76
:1008E0000EF0004E4EEA113114EB5C04C2BFD4EBA3
:1008F0000C0541EA045170BD41F480114FF0000E27
:10090000013C90E645EA060E8DE60CEA135594EAA2
:100910000C0F08BF95EA0C0F3FF43BAF94EA0C0FA5
:100920000AD150EA01347FF434AF95EA0C0F7FF41A
:1009300025AF104619462CE795EA0C0F06D152EA6E
:1009400003353FF4FDAE1046194622E750EA410652
:1009500018BF52EA43067FF4C5AE50EA41047FF463
:100960000DAF52EA43057FF4EBAE12E74FF0FF3CC8
:1009700006E000BF4FF0010C02E000BF4FF0010C99
:100980004DF804CD4FEA410C7FEA6C5C4FEA430C12
:1009900018BF7FEA6C5C1BD001B050EA410C0CBF61
:1009A00052EA430C91EA030F02BF90EA020F0020C3
:1009B000704710F1000F91EA030F58BF994208BF2A
:1009C00090422CBFD8176FEAE37040F001007047E7
:1009D0004FEA410C7FEA6C5C02D150EA013C07D13E
:1009E0004FEA430C7FEA6C5CD6D152EA033CD3D089
:1009F0005DF8040B704700BF8446104662468C4683
:100A00001946634600E000BF01B5FFF7B7FF0028B5
:100A100048BF10F1000F01BD4DF808EDFFF7F4FFDE
:100A20000CBF012000205DF808FB00BF4DF808ED69
:100A3000FFF7EAFF34BF012000205DF808FB00BF8C
:100A40004DF808EDFFF7E0FF94BF012000205DF8AE
:100A500008FB00BF4DF808EDFFF7CEFF94BF012063
:100A600000205DF808FB00BF4DF808EDFFF7C4FF5C
:100A700034BF012000205DF808FB00BF4FEA4102AF
:100A8000B2F1E04324BFB3F5001CDCF1FE5C0DD9EC
:100A900001F0004C4FEAC0024CEA5070B2F1004F36
:100AA00040EB830008BF20F00100704711F0804F39
:100AB00021D113F13872BCBF01F00040704741F4FE
:100AC00080114FEA5252C2F11802C2F1200C10FA02
:100AD0000CF320FA02F018BF40F001004FEAC123E6
:100AE0004FEAD32303FA0CFC40EA0C0023FA02F38A
:100AF0004FEA4303CCE77FEA625307D150EA013360
:100B00001EBF4FF0FE4040F44000704701F000402F
:100B100040F0FE4040F40000704700BF53B94AB9AE
:100B2000002908BF00281CBF4FF0FF314FF0FF30F5
:100B300000F074B9ADF1080C6DE904CE00F006F8D0
:100B4000DDF804E0DDE9022304B070472DE9F04749
:100B5000089D04468E46002B4DD18A42944669D9A1
:100B6000B2FA82F252B101FA02F3C2F1200120FA84
:100B700001F10CFA02FC41EA030E94404FEA1C48D2
:100B8000210CBEFBF8F61FFA8CF708FB16E341EACE
:100B9000034306FB07F199420AD91CEB030306F154
:100BA000FF3080F01F81994240F21C81023E634475
:100BB0005B1AA4B2B3FBF8F008FB103344EA034419
:100BC00000FB07F7A7420AD91CEB040400F1FF332E
:100BD00080F00A81A74240F207816444023840EA6B
:100BE0000640E41B00261DB1D4400023C5E90043A4
:100BF0003146BDE8F0878B4209D9002D00F0EF8027
:100C00000026C5E9000130463146BDE8F087B3FA59
:100C100083F6002E4AD18B4202D3824200F2F98041
:100C2000841A61EB030301209E46002DE0D0C5E944
:100C3000004EDDE702B9FFDEB2FA82F2002A40F090
:100C40009280A1EB0C014FEA1C471FFA8CFE012693
:100C5000200CB1FBF7F307FB131140EA01410EFB37
:100C600003F0884208D91CEB010103F1FF3802D2DE
:100C7000884200F2CB804346091AA4B2B1FBF7F0D8
:100C800007FB101144EA01440EFB00FEA64508D9FB
:100C90001CEB040400F1FF3102D2A64500F2BB8038
:100CA0000846A4EB0E0440EA03409CE7C6F1200787
:100CB000B34022FA07FC4CEA030C20FA07F401FACD
:100CC00006F31C43F9404FEA1C4900FA06F3B1FB56
:100CD000F9F8200C1FFA8CFE09FB181140EA0141BB
:100CE00008FB0EF0884202FA06F20BD91CEB010158
:100CF00008F1FF3A80F08880884240F28580A8F1B0
:100D000002086144091AA4B2B1FBF9F009FB101101
:100D100044EA014100FB0EFE8E4508D91CEB01019F
:100D200000F1FF346CD28E456AD90238614440EA42
:100D30000840A0FB0294A1EB0E01A142C846A646C2
:100D400056D353D05DB1B3EB080261EB0E0101FA4B
:100D500007F722FA06F3F1401F43C5E900710026A8
:100D60003146BDE8F087C2F12003D8400CFA02FCFE
:100D700021FA03F3914001434FEA1C471FFA8CFE0E
:100D8000B3FBF7F007FB10360B0C43EA064300FBFE
:100D90000EF69E4204FA02F408D91CEB030300F19C
:100DA000FF382FD29E422DD9023863449B1B89B253
:100DB000B3FBF7F607FB163341EA034106FB0EF3DC
:100DC0008B4208D91CEB010106F1FF3816D28B4289
:100DD00014D9023E6144C91A46EA004638E72E4655
:100DE000284605E70646E3E61846F8E64B45A9D24D
:100DF000B9EB020864EB0C0E0138A3E74646EAE7BC
:100E0000204694E74046D1E7D0467BE7023B614469
:100E100032E7304609E76444023842E7704700BFD2
:100E200072B6FEE700B595B03022002108A807F0A1
:100E30006FFE002303930493059306930793019396
:100E4000204A116C41F080511164126C02F0805202
:100E50000192019A02931C4B1A6842F480421A6074
:100E60001B6803F480430293029B012308934FF411
:100E70008033099302230E934FF480020F920622CF
:100E80001092A822119212930423139308A803F03E
:100E900021FF98B90F2303930223049300230593A2
:100EA0004FF4A05306934FF480530793052103A8F2
:100EB00004F05EF920B915B05DF804FBFFF7B0FF50
:100EC000FFF7AEFF003802400070004008B504F0A4
:100ED000DBFDFFF7A7FF00F01BF800F0C1FB00F0FF
:100EE00021FA00F045FB00F09BFE00F027FC00F02B
:100EF000C7FD00F0E5FD00F06BFA00F03DFC00F0EE
:100F000003FC00F049F900F0B5FA06F0D6F8FEE768
:100F10002DE9F0478CB000240794089409940A94B2
:100F20000B940094524B1A6B42F002021A631A6B34
:100F300002F002020092009A01941A6B42F0400201
:100F40001A631A6B02F040020192019A02941A6B22
:100F500042F001021A631A6B02F001020292029A35
:100F600003941A6B42F008021A631A6B02F008022B
:100F70000392039A04941A6B42F004021A631A6BE8
:100F800002F004020492049A05941A6B42F0800263
:100F90001A631A6B02F080020592059A06941A6B86
:100FA00042F020021A631B6B03F020030693069B9A
:100FB000DFF8C48001224021404604F0A1FADFF8A6
:100FC000BCA022464FF4E051504604F099FA294F54
:100FD00001221021384604F093FADFF8A490012290
:100FE0001146484604F08CFA4023079301250895E2
:100FF000099502260A9607A9404604F08FF94FF496
:10100000E0530793089509940A9407A9504604F001
:1010100085F9082307934FF404130893099507A94A
:10102000404604F07BF907954FF48813089309951F
:1010300007A9384604F072F910230793089509951B
:101040000A9607A9384604F069F9079508950995A5
:101050000A9607A9484604F061F9224605210920AD
:1010600004F092FC092004F0C7FC0CB0BDE8F08746
:10107000003802400000024000180240001C0240FC
:1010800000040240FEE7FEE7FEE7FEE7FEE77047EA
:1010900008B504F013FD05F077FD012800D108BD67
:1010A00006F048FAFBE708B5082004F031FA08BD5D
:1010B00008B5024804F068FB08BD00BF980900208D
:1010C00008B5024807F0A3FB08BD00BF880B00204D
:1010D00008B5024806F0AAFF08BD00BFB80A002004
:1010E00008B5024804F050FB08BD00BFD80B002033
:1010F00008B5024804F048FB08BD00BF380C0020CA
:1011000008B5024807F083FB08BD00BFB00B002004
:1011100008B5024804F038FB08BD00BFD80800201D
:1011200008B5024804F030FB08BD00BF580A002093
:1011300008B5024804F028FB08BD00BF38090020AC
:1011400000B583B0002200920D4B596C41F48041F0
:101150005964596C01F48041009100990192196C15
:1011600041F0805119641B6C03F080530193019B83
:101170000F216FF0010004F007FC03B05DF804FBE1
:1011800000380240034AD2F8883043F47003C2F8B2
:101190008830704700ED00E000B587B0002302936F
:1011A000039304930593009301931448144A026037
:1011B000436083604FF0FF32C2600361836103F0DC
:1011C00027FB90B94FF48053029302A90B4803F018
:1011D0002AFC68B90023009301936946074803F08D
:1011E00033FD40B907B05DF804FBFFF719FEE9E7EE
:1011F000FFF716FEEEE7FFF713FEF3E77C01002092
:10120000000C004084B00368184A934207D0184A83
:10121000934211D0174A93421BD004B07047002369
:101220000193154B1A6C42F004021A641B6C03F014
:1012300004030193019BF0E7002302930E4B1A6C09
:1012400042F008021A641B6C03F008030293029B2D
:10125000E3E700230393084B5A6C42F400325A64CC
:101260005B6C03F400330393039BD6E70008004054
:10127000000C0040004401400038024030B589B005
:1012800000230393049305930693079303681F4A6F
:10129000934204D01E4A934218D009B030BD0023B7
:1012A00001931C4B1A6B42F008021A631B6B03F08C
:1012B00008030193019B4FF480430393022304939B
:1012C000079303A9144804F029F8E6E700250295DE
:1012D000104B1A6B42F020021A631B6B03F02003C1
:1012E0000293029B40230393022304930323079357
:1012F00003A90A4804F012F8094C204603F0E4F967
:101300002946204603F01EFCC7E700BF0008004046
:101310000044014000380240000C0240001402402A
:10132000EC00002000B58FB000230A930B930C93C0
:101330000D930893099301930293039304930593E8
:10134000069307932048214A02604360836045F278
:101350000722C2600361836103F05AFA28BB4FF48D
:1013600080530A930AA9184803F05DFB00BB164896
:1013700003F07AFAF8B900230893099308A91248F0
:1013800003F062FCD0B9602301930023029303931E
:101390000593082201A90C4803F0CAFA88B90A4843
:1013A000FFF76CFF0FB05DF804FBFFF739FDD6E7E0
:1013B000FFF736FDDBE7FFF733FDDCE7FFF730FD36
:1013C000E1E7FFF72DFDEAE73401002000080040C7
:1013D00000B589B00023019302930393049305930E
:1013E000069307931548164A02604360836041F2F2
:1013F0008732C2600361836103F00AFAA0B90F4823
:1014000003F032FA98B9602301930022029203920A
:10141000059201A9094803F08BFA58B90748FFF76C
:101420002DFF09B05DF804FBFFF7FAFCE7E7FFF7D3
:10143000F7FCE8E7FFF7F4FCF0E700BFEC00002062
:1014400000440140034B0360034B0B608023136097
:10145000704700BFDC030020DC010020034B036069
:10146000034B0B604FF4807313607047300800200B
:101470003004002010B5AAB0364C0DF18C0CA646F5
:10148000BEE80F00ACE80F009EE807008CE80700FC
:10149000002123A805F016FE2F4B18600DF1700CEB
:1014A00004F11C0EBEE80F00ACE80F009EE8070038
:1014B0008CE8070000211CA805F004FE274B1860EB
:1014C0000DF1540C04F1380EBEE80F00ACE80F002B
:1014D0009EE807008CE80700002115A805F0F2FD42
:1014E0001F4B18600DF1380C04F1540EBEE80F00CC
:1014F000ACE80F009EE807008CE8070000210EA86A
:1015000005F0E0FD174B18600DF11C0C04F1700E96
:10151000BEE80F00ACE80F009EE807008CE807006B
:10152000002107A805F0CEFD0F4B1860EE4604F130
:101530008C0CBCE80F00AEE80F009CE807008EE8BA
:1015400007000021684605F0BDFD084B18602AB071
:1015500010BD00BFD4900008D4010020C8010020B5
:10156000CC010020D8010020D0010020C4010020BF
:1015700008B50B480B4B03600B4B436000238360A3
:10158000C3604FF48042026143618361C3610362BF
:1015900006F0B4F800B908BDFFF742FCFBE700BF56
:1015A00084080020005C0040801A06002DE9F0430A
:1015B00089B000230393049305930693079302686D
:1015C000234B9A4202D009B0BDE8F0830025009574
:1015D000204C236B43F004032363236B03F00403C9
:1015E0000093009B0195236B43F001032363236B5E
:1015F00003F001030193019B4FF4007303934FF039
:101600001209CDF810904FF00108CDF8148003278F
:1016100006970426079603A90F4803F07FFE4FF4B0
:1016200080730393CDF81090CDF814800697079639
:1016300003A90A4803F072FE0295236C43F40003E9
:101640002364236C03F400030293029BBBE700BFF7
:10165000005C0040003802400008024000000240E8
:1016600010B582B000240094264B1A6B42F400128D
:101670001A631A6B02F400120092009A01941A6B1A
:1016800042F480021A631B6B03F480030193019BF5
:10169000224605210C2004F077F90C2004F0ACF967
:1016A00022460521392004F06FF9392004F0A4F90D
:1016B000224605213A2004F067F93A2004F09CF90B
:1016C000224605213B2004F05FF93B2004F094F909
:1016D00022460521442004F057F9442004F08CF9F7
:1016E00022460521452004F04FF9452004F084F9F5
:1016F00022460521462004F047F9462004F07CF9F3
:1017000002B010BD0038024008B50A480A4B036019
:101710004FF4E133436000238360C36003610C2214
:1017200042618361C36106F0C7FB00B908BDFFF7E2
:1017300077FBFBE7B80A00200010014008B50B4812
:101740000B4B03600B4B436000238360C3604FF47B
:1017500080620261042242618361C36106F0ACFBD6
:1017600000B908BDFFF75CFBFBE700BFFC0A0020E7
:1017700000480040A086010008B50A480A4B0360F3
:101780004FF4E133436000238360C36003610C22A4
:1017900042618361C36106F08FFB00B908BDFFF7AA
:1017A0003FFBFBE7400B0020001401402DE9F04116
:1017B0008CB0044600230793089309930A930B9374
:1017C00003689D4A93420AD09C4A934200F0848069
:1017D0009B4A934200F0C9800CB0BDE8F08100251F
:1017E0000095984B5A6C42F010025A645A6C02F001
:1017F00010020092009A01951A6B42F002021A63DD
:101800001A6B02F002020192019A02951A6B42F0E1
:1018100001021A631B6B03F001030293029B8023F6
:1018200007934FF00208CDF8208003270A97072678
:101830000B9607A9844803F071FD4FF400730793DA
:10184000CDF8208009950A970B9607A97F4803F0E9
:1018500065FD7F487F4B03604FF00063436040238A
:101860008360C5604FF48063036145618561C56134
:101870004FF440330362456203F0C2FE30BB744B49
:1018800063639C637448754B03604FF0006343606F
:1018900000238360C3604FF480620261436183610F
:1018A0004FF48072C2614FF440320262436203F02F
:1018B000A7FE70B9684BA3639C6300220521252015
:1018C00004F062F8252004F097F885E7FFF7A8FAFE
:1018D000D5E7FFF7A5FAEDE700250395594B1A6CFC
:1018E00042F480221A641A6C02F480220392039A52
:1018F00004951A6B42F004021A631B6B03F0040395
:101900000493049B4FF4406307930223089303233B
:101910000A9307230B9307A9514803F0FFFC514892
:10192000514B03604FF0006343608560C5604FF426
:1019300080630361456185614FF48073C3614FF437
:1019400040330362456203F05BFE58B9454BA36325
:101950009C6300220521272004F016F8272004F0BC
:101960004BF839E7FFF75CFAF0E700250595354BB2
:101970005A6C42F020025A645A6C02F0200205921E
:10198000059A06951A6B42F040021A631B6B03F02E
:1019900040030693069B4FF4844307930223089366
:1019A00003230A9308230B9307A9304803F0B6FCDE
:1019B0002F48304B03604FF0206343608560C56063
:1019C0004FF480630361456185614FF48073C361A7
:1019D0004FF440330362456203F012FE28BB244BF0
:1019E000A3639C632448254B03604FF0206343604E
:1019F000402383600023C3604FF48062026143612F
:101A00008361C3614FF440320262436203F0F8FD28
:101A100070B9194B63639C6300220521472003F0D2
:101A2000B3FF472003F0E8FFD6E6FFF7F9F9D6E762
:101A3000FFF7F6F9EDE700BF001001400048004055
:101A4000001401400038024000040240000002403F
:101A500038090020B8640240D80800208864024099
:101A60000008024098090020286002400018024047
:101A7000F809002028640240580A0020A0640240AF
:101A800008B50D480D4B03600323436000238360BA
:101A9000C3604FF4102202614FF4001242610376DA
:101AA00043768376C3760377437706F0FFFB00B96E
:101AB00008BDFFF7B5F9FBE7880B00200064004084
:101AC00008B50D480D4B036003234360002383607A
:101AD000C3604FF4102202614FF40012426103769A
:101AE00043768376C3760377437706F0DFFB00B94E
:101AF00008BDFFF795F9FBE7B00B00200068004038
:101B000010B58AB0002305930693079308930993B1
:101B100003683D4A934204D03C4A934234D00AB011
:101B200010BD3B4A136801331360012B1FD0002402
:101B30000194384B1A6B42F008021A631B6B03F0D6
:101B400008030193019B0323059302220692089345
:101B50000923099305A9304803F0E0FB224605213B
:101B6000142003F011FF142003F046FFD7E70023F1
:101B70000093284B1A6C42F000721A641B6C03F03D
:101B800000730093009BD2E700230293214B1A6C51
:101B900042F080621A641B6C03F080630293029B24
:101BA0001B4A136801331360012B20D000240494D6
:101BB000184B1A6B42F002021A631B6B03F002030C
:101BC0000493049B60230593022306930323089345
:101BD0000923099305A9114803F0A0FB224605211A
:101BE000402003F0D1FE402003F006FF97E70023DA
:101BF0000393084B1A6C42F000721A641B6C03F0DA
:101C000000730393039BD1E7006400400068004029
:101C1000840B002000380240000C02400004024007
:101C200008B50F480F4B03604FF4827343600023E5
:101C30008360C36002220261012242614FF400729C
:101C400082613822C2610362436283620A23C362F3
:101C500005F0D0FE00B908BDFFF7E2F8FBE700BFD2
:101C6000980C0020003001402DE9F04389B000239A
:101C70000393049305930693079302683F4B9A429C
:101C800002D009B0BDE8F08304460025009503F5B5
:101C900084335A6C42F480525A645A6C02F4805273
:101CA0000092009A01951A6B42F002021A631A6BB5
:101CB00002F002020192019A02951A6B42F00102AF
:101CC0001A631B6B03F001030293029B1823039317
:101CD0004FF00209CDF810904FF00108CDF81480B4
:101CE000032706970526079603A9254803F016FB48
:101CF00080230393CDF81090CDF8148006970796B3
:101D000003A9204803F00AFB1F48204B03604FF053
:101D1000C06343608560C5604FF4806303614561C3
:101D20008561C5614FF440330362456203F068FC8E
:101D3000E8B9154BE3649C631548164B03604FF0FC
:101D4000C0634360402383600023C3604FF480621C
:101D5000026143618361C3614FF4003202624362F6
:101D600003F04EFC30B90A4BA3649C6389E7FFF78C
:101D700057F8DEE7FFF754F8F5E700BF0030014001
:101D80000004024000000240D80B002040640240E2
:101D9000380C00205864024010B44FF0E0235C6916
:101DA0004FF0A80C0CFB00FC9B69002104E0E01A3A
:101DB00002441144614509D21A464FF0E0239B6961
:101DC0009A42FAD0F3D9D21A1144F3E75DF8044BE2
:101DD000704710B504E04FF47A70FFF7DDFF20463E
:101DE000431E9CB20028F6D110BD000000B587B09C
:101DF0008DF80F004FF47A73009301230DF1170251
:101E00000DF10F01034805F054FE9DF8170007B0CF
:101E10005DF804FB980C002010B50C46FFF7E6FFB8
:101E20002046FFF7E3FF10BD70B500266AE0554C71
:101E300000221021204603F063FB8020FFF7D6FF2D
:101E40005520FFF7D3FF5520FFF7D0FF01221021C7
:101E5000204603F055FB9620FFF79EFF002210213D
:101E6000204603F04DFB8020FFF7C0FF5520FFF711
:101E7000BDFF5520FFF7BAFF01221021204603F0D5
:101E80003FFB9620FFF788FF00221021204603F039
:101E900037FBB6217E20FFF7BFFF0122102120462D
:101EA00003F02EFB5020FFF794FF00221021204664
:101EB00003F026FB8020FFF799FF5520FFF796FFE0
:101EC0005520FFF793FF01221021204603F018FB55
:101ED0009620FFF761FF00221021204603F010FB3F
:101EE0008020FFF783FF5520FFF780FF5520FFF785
:101EF0007DFF064601221021204603F001FB9620BB
:101F0000FFF74AFF1E2E92D1002537E01D4C00221C
:101F10001021204603F0F4FA1B4A05EB4503D118C3
:101F2000D65C49783046FFF777FF01221021204622
:101F300003F0E6FA9620FFF72FFF0022102120463B
:101F400003F0DEFA46F08000FFF750FF5520FFF760
:101F50004DFF5520FFF74AFF06460122102120467B
:101F600003F0CEFA9620FFF717FF05EB4502064B6C
:101F700013445B78B342C9D10135EDB2052DF4D9D4
:101F800070BD00BF00000240E091000810B50C4693
:101F900040F08000FFF72AFF5520FFF727FF207051
:101FA00010BD000070B582B000238DF8073059E0F5
:101FB0004B4C00220121204603F0A2FA0DF107014B
:101FC0000020FFF7E3FF01221146204603F098FAB4
:101FD0009620FFF7E1FE00220121204603F090FA4F
:101FE0000DF107010020FFF7D1FF01221146204625
:101FF00003F086FA9620FFF7CFFE0022012120464B
:1020000003F07EFAB6211420FFF706FF01221146E5
:10201000204603F075FA5020FFF7DBFE0022012175
:10202000204603F06DFA0DF107010020FFF7AEFF27
:1020300001221146204603F063FA9620FFF7ACFE1A
:1020400000220121204603F05BFA0DF10701002078
:10205000FFF79CFF01221146204603F051FA96201B
:10206000FFF79AFE9DF807300F2BA1D1002533E032
:102070001B4C00220121204603F042FA194A05EBCD
:102080004503D118D65C49783046FFF7C5FE0122DA
:102090001146204603F034FA9620FFF77DFE002219
:1020A0000121204603F02CFA0DF107013046FFF71D
:1020B0006DFF01221146204603F022FA9620FFF719
:1020C0006BFE05EB4502074B13445A789DF8073029
:1020D0009A42CDD10135EDB2052DF2D902B070BDD5
:1020E00000040240F491000808B5FFF79DFEFFF7D9
:1020F00059FF08BD38B50D46144640F08000FFF783
:1021000075FE06E05520FFF771FE05F8010B013C56
:10211000E4B2002CF6D138BD2DE9F04182B007467B
:102120000D461446644B93E803000090ADF804108C
:10213000090C8DF8061000268DF80760DFF8848101
:1021400032461021404603F0DBF99220FFF74EFEA5
:10215000062269461220FFF7CDFF012210214046DA
:1021600003F0CEF99DF801301B021BB29DF8002050
:10217000134307EE903AF8EEE77A504A92ED007A70
:1021800067EE877AC5ED007A9DF803301B021BB21B
:102190009DF802100B4307EE103AD2ED006AB8EE3C
:1021A000C77A27EE267A85ED017A9DF805301B0265
:1021B0001BB29DF80420134307EE903AF8EEE77A3D
:1021C00067EEA67AC5ED027A3D4D324601212846DA
:1021D00003F096F9082269463046FFF78BFF01228B
:1021E0001146284603F08CF99DF800300F2B2FD0B4
:1021F000344D00221021284603F082F9A220FFF777
:10220000F5FD022269462220FFF774FF012210210A
:10221000284603F075F99DF800209DF801305B0910
:1022200043EAC203B3F5806F01DBA3F5006307EE59
:10223000903AF8EEE77AB4EE007A67EE877AB3EE7A
:10224000077A77EE877AC4ED007A02B0BDE8F081B4
:102250009DF803301B021BB29DF80220134307EECA
:10226000903AF8EEE77A184A92ED007A67EE877AAC
:10227000C7ED007A9DF805301B021BB29DF80410D3
:102280000B4307EE103AD2ED006AB8EEC77A27EE9C
:10229000267A87ED017A9DF807301B021BB29DF864
:1022A0000620134307EE903AF8EEE77A67EEA67A37
:1022B000C7ED027A9CE700BF7C9100080400002073
:1022C00000040240000002400800002030B587B042
:1022D0000446154600910021019102910391049357
:1022E0000123694606F052F910B9002007B030BD4D
:1022F00002232A466946204606F048F90028F4D011
:1023000004232A466946204606F040F9EDE7B0F975
:1023100000300381B0F9023043810A784B7843EAF8
:10232000022303808B781B021BB2CA7813434380BD
:102330000B791B021BB24A79134383808B7983711B
:102340007047000038B59446BDF81040BDF814E061
:102350000B4A4FEA1C25157082F801C04FEA132C76
:1023600082F802C0D370230A137154714FEA1E23FE
:10237000937182F807E00823FFF7A8FF38BD00BF7C
:10238000DC0D0020F0B585B006460F4615461C460C
:10239000002302930393BDF92820ADF80820BDF96E
:1023A0002C20ADF80A20BDF93020ADF80C20BDF985
:1023B0003420ADF80E20284A137004E00EF1010E0F
:1023C000254B83F800E0244B93F800C0BCF1030FC9
:1023D0002DD80CEB4C0304EB8303B3F9023000EE71
:1023E000103A04AB03EB4C0333F9083C00EE903A8F
:1023F000F8EEE00AB8EEC00A342000FB0C5000F002
:102400003DF8154B93F800E0BDEEC00A10EE103A0F
:102410000FFA83FC114B23F81EC041F288339C4510
:10242000CCDD0E4B41F2883223F81E20C6E70B4963
:10243000B1F90020B1F90230B1F90400B1F9061088
:1024400089B2019180B200909BB292B23946304677
:10245000FFF778FF05B0F0BDD00D0020D40D0020AF
:1024600080ED000AC0ED010A80ED021AC0ED0B1AE2
:1024700080ED0A2A0023C3618361704780ED090A59
:10248000C0ED080AD0ED066AC0ED076A70EEC00A1A
:10249000C0ED060AD0ED007A60EEA77AC0ED037AAF
:1024A00090ED017A20EE877A90ED046A37EE067A95
:1024B00080ED047A70EEE60AD0ED026A60EEA60ABC
:1024C000C0ED050AD0ED0B6AB4EEE67AF1EE10FA33
:1024D00001DBC0ED046A90ED047AF1EE666AB4EEB9
:1024E000E67AF1EE10FA01D8C0ED046A90ED047AB4
:1024F00077EE877A70EEA70AC0ED0C0AD0ED0A7A63
:10250000F4EEE70AF1EE10FA01DBC0ED0C7A90ED83
:102510000C7AF1EE677AB4EEE77AF1EE10FA01D8B0
:10252000C0ED0C7A90ED0C0A70470000F6EE007AD0
:1025300060EE277A10EE103A074AA2EB630307EE2B
:10254000103A67EE277A67EE277AB7EE080A30EE80
:10255000670A27EE000A7047DF59375F10B52DED87
:10256000068B0446B0EE409AF0EE609AB0EE418AD7
:10257000F0EE618AB0EE42AAF0EE62AAF5EE401AE1
:10258000F1EE10FA0AD1B5EE402AF1EE10FA05D1BB
:10259000F5EE402AF1EE10FA00F0938068EEA87A8A
:1025A0002AEE0A0A77EE807A2AEEAA0A37EE800A25
:1025B000FFF7BCFF68EE808A2AEE00AA6AEE80AAC6
:1025C000D4ED011A94ED037A21EE872AD4ED007A36
:1025D000D4ED026A27EEA66A32EE462A61EEA71A09
:1025E00067EE266A71EEA61A67EEA77AF6EE006A23
:1025F00077EEE67A27EE077A77EE877A2AEE275A81
:102600002AEEA17A35EE475A6AEE82AA68EEA77AD8
:102610007AEEE7AA68EEA18A2AEE02AA78EECA8AC2
:10262000614BD3ED007AF5EEC07AF1EE10FA40F38B
:10263000B38093ED006A26EE056ADFED5C5A26EE64
:10264000256A5B49D1ED006A36EE866A81ED006A43
:1026500093ED006A26EE2A6A26EE256A554AD2EDE7
:10266000006A36EE866A82ED006AD3ED006A66EE95
:10267000A86A66EEA56A504B93ED006A76EE266A6C
:10268000C3ED006AD1ED007A39EE279AD2ED007AD7
:1026900079EEA79AD3ED007A38EE278A474B93ED6F
:1026A000007A27EE057A39EE079A93ED007A67EE05
:1026B0002AAA79EEAA9AD3ED007A67EEA88A38EEB4
:1026C000288A9FED3F1A29EE010A69EE810A28EE59
:1026D000011AD4ED006A94ED017AD4ED027A27EE66
:1026E000409A20EEA76A39EE469AD4ED039A29EE75
:1026F000816A39EE469A39EE269A84ED009A60EEA8
:10270000268A21EE276A78EE868A29EEA06A78EE7C
:10271000C68A78EE878AC4ED018A20EEA68A21EE69
:10272000076A38EE468A29EE806A38EE068A38EE65
:10273000278A84ED028A21EE261A60EE870A31EE9E
:10274000201A20EE270A31EE401A79EE819AC4ED64
:10275000039A69EE097A28EEA80A77EE807A28EEC5
:10276000080A77EE807A29EEA90A37EE800AFFF789
:10277000DDFE29EE009A84ED009A68EE808AC4EDB1
:10278000018A28EE008A84ED028A29EE801A84EDFF
:10279000031ABDEC068B10BD0023054A1360054AE1
:1027A0001360054A136079E7F00D00206F12833A39
:1027B000E40D0020E80D0020EC0D00200C000020AE
:1027C0006F12033A00000000F8B52DED028B0446AD
:1027D0000F4616461D46D0ED000A90ED030A20EE86
:1027E000800AD0ED017A90ED027A27EE877A30EEFA
:1027F000070A60EEA00A67EEA77A70EEA70A70EEED
:10280000A00AB7EE008A70EEC80A30EE000A06F0A1
:10281000B3F910EE100AFDF73FFE29A3D3E9002318
:10282000FDF792FEFEF72AF93860D4ED017A94EDB7
:10283000030A67EE807A94ED000A94ED027A20EEA6
:10284000070A77EEC07AB8EE000A27EE800A06F093
:1028500067F910EE100AFDF71FFE19A3D3E9002354
:10286000FDF772FEFEF70AF93060D4ED000A94ED30
:10287000010A20EE800A94ED027AD4ED037A27EE65
:10288000277A30EE070A60EEA00A67EEA77A70EEAC
:10289000A70A70EEA00A70EEC80A30EE000A06F031
:1028A0006BF910EE100AFDF7F7FD05A3D3E900233D
:1028B000FDF74AFEFEF7E2F82860BDEC028BF8BD9A
:1028C000AEB6627FD9A54C4010B58AB0044601ABC4
:1028D00003AA002105F0D8FE354B9C4204D0354BAD
:1028E0009C422ED00AB010BD039BA3F20123052BFE
:1028F000F8D801A252F823F0112900081B2900087A
:10290000252900082F290008E52800083929000892
:1029100001A92948FFF7FBFCE4E701A92748FFF7D5
:10292000F6FCDFE701A92648FFF7F1FCDAE701A989
:102930002448FFF7ECFCD5E701A92348FFF7E7FCA3
:10294000D0E7039BA3F20123042B08D8DFE803F0B0
:102950000314191E230001A91C48FFF7D8FC1B4AC9
:102960009389B2F914209B1AB3F5805F18DD184AD9
:102970001388013B1380B5E701A91648FFF7C7FC90
:10298000EDE701A91448FFF7C2FCE8E701A91348E5
:10299000FFF7BDFCE3E701A91148FFF7B8FCDEE74C
:1029A00013F5805F9EDA0A4A13880133138099E792
:1029B000880B0020B00B0020700D00207C0D002043
:1029C000880D0020940D0020AC0D0020F00C00209C
:1029D0007C200020FC0C0020080D0020140D00209D
:1029E000A00D002010B58AB00122089200230693A2
:1029F00007920093019302930393059304930E4C63
:102A00006946204605F0F8FC204605F091FD0221BC
:102A1000204605F0DEFE0E2309930593074C694618
:102A2000204605F0E9FC204605F082FD0221204603
:102A300005F0CFFE0AB010BD880B0020B00B0020BF
:102A400003460160501E084458609A600020D86018
:102A50001961596170472DE9F843EFF3108872B698
:102A6000002932D004460F46856875B3436946682D
:102A7000B34201D9036843619542A8BF1546606916
:102A8000361A0136B54211DC2A46394606F032F8CC
:102A900063692B446361A3685B1BA360E3682B44F9
:102AA000E36088F310882846BDE8F883A5EB0609A3
:102AB0003246394606F01EF84A46B919206806F033
:102AC00019F823684B446361E5E788F310884FF0F9
:102AD000FF35E8E70346EFF3108172B600695A68E4
:102AE000904201D91A681A611A6912F8010B1A6129
:102AF0009A6801329A60DA68013ADA6081F31088E4
:102B00007047C068704700285FD0034600295CD03A
:102B100030B590F800C042784CEA022CCCF30A0C95
:102B2000A1F800C042788078D20842EA4012C2F38D
:102B30000A0EA1F802E09A78D878920942EA800257
:102B4000187942EA8022C2F30A028A8018795C79F5
:102B5000400840EAC410C0F30A00C8805C79C4F39E
:102B600001148C725C79A409CC729C79DD7944EAF9
:102B700005248C811C7A5D7A44EA0524CC819C7AF8
:102B8000DD7A44EA05240C821C7B8C745C7BCC745B
:102B90009C7BDD7B44EA05248C821C7C5B7C44EAC4
:102BA00003231CB20B81ACF5806CA1F800C0AEF51C
:102BB000806EA1F802E0A2F580628A80A0F58060B4
:102BC000C880A4F580630B8130BD704710B4164BEC
:102BD0001B685C6944F040045C61DC6844F01004EC
:102BE000DC60124B1C68236823F00103236003E0C0
:102BF0001C6824F001041C600C4B1B681C6814F05A
:102C0000010FF5D10A4C9C60D86019615A601A68AE
:102C100042F480221A60054B1A68136843F00103DE
:102C200013605DF8044B7047FC0A002098090020EF
:102C30000448004008B5034824228118FFF7C6FF66
:102C400008BD00BF200E0020F8B504460568B5F9A0
:102C5000003003EB83039B008380B5F9023003EB64
:102C60008303DB00C380B5F90600FDF703FC4EA328
:102C7000D3E90023FDF792FD06460F46A068FDF755
:102C80000BFC32463B46FDF7A9FAFDF7F7FE07EECF
:102C9000900AA060B0EE007AF4EEC77AF1EE10FA76
:102CA00041DB84ED027AB5F90400FDF7E3FB002275
:102CB000394BFDF773FD06460F46E068FDF7ECFB68
:102CC00032463B46FDF78AFAFDF7D8FE07EE900A3A
:102CD000E0609FED327AF4EEC77AF1EE10FA2EDB67
:102CE0009FED2F7A77EEC77AC4ED037AAB7A022B89
:102CF00033D0032B35D0012B37D0637C022B06D881
:102D0000EB7A022B35D0032B36D0012B37D0B5F917
:102D1000083003F225239BB240F24A42934231D954
:102D20000123E374F8BDFDF7B7FB19A3D3E9002332
:102D3000FDF786FE0028B6D01A4BA360B3E79FEDDF
:102D4000177AF4EEC77AF1EE10FACFD59FED147A28
:102D500077EE877AC4ED037AC8E70023237463749F
:102D6000CBE7012323746374C7E7022323746374DE
:102D7000C3E70023A374CAE70123A374C7E70223B0
:102D8000A374C4E70023E374CCE700BFAFF3008073
:102D9000333333333333D33F001D0041000034431A
:102DA0000000B4439A99993E00000000001DF040D5
:102DB00000487047080E002000B583B02F4B1B68F9
:102DC0001A6812F0200F09D0002200921A680092AF
:102DD0005B680093009B03B05DF804FB284A12680F
:102DE00012F0100FF7D0002201921A6801925B686E
:102DF0000193019B234B1B681A6812F4002F1DD10D
:102E00001A6822F001021A601E4802685368C3F172
:102E100024039BB21C490B8024215160116841F4AA
:102E20000021116001680A6842F001020A60122B59
:102E3000D1D116491648FFF766FECCE71A6822F092
:102E400001021A600F4908684368C3F124030E4A5F
:102E50001380242343600F48836A23F40023836292
:102E600009680B6843F001030B601388122BB2D181
:102E700006490948FFF747FEADE700BFFC0A0020FE
:102E80000048004098090020680E0020080E00202D
:102E9000200E002000600240440E00200346104631
:102EA00005E013F8011B4140044A505C614601F102
:102EB000FF3C1FFA8CFC0029F3D1704708920008F0
:102EC00088B138B50C46054602290ED90139FF22D2
:102ED00089B2FFF7E3FF2C4414F8013C834214BF8E
:102EE0000020012038BD002070470020FAE70000D4
:102EF000034698B1481E99B110B413F8011B514014
:102F0000C9B2084C34F8111081EA12220146013886
:102F10000029F2D110465DF8044B70474FF6FF725E
:102F20001046704708930008D8B170B50C460646A5
:102F3000022918D98D1E0D4B1A882946FFF7D8FF94
:102F4000C2B2735D9A4201D0002070BDC0F30F2061
:102F5000344414F8013C984201D00020F5E70120E8
:102F6000F3E7002070470020EFE700BF10000020CB
:102F700030B4304B1B685C6944F040045C615C69B0
:102F800044F080045C61DC6844F01004DC602A4B8F
:102F90001C68236823F00103236003E01C6824F00D
:102FA00001041C60244B1B681C6814F0010FF5D150
:102FB000224CA34219D9583C4FF40065E560204CDF
:102FC0009C60D86019615A601A6842F480221A60C5
:102FD000194B1A68136843F001031360194B1A6800
:102FE000136823F00103136019E0174CA34205D9BD
:102FF00004F552744FF40065A560E0E7134CA3425A
:1030000004D9583C4FF40065E560D8E7104C4FF404
:103010000065A560D3E71A6822F001021A60094B27
:103020001B681A6812F0010FF5D1054A9A6030BC8E
:10303000704700BF400B0020F80900205864024090
:1030400004140140580A0020B86002405860024051
:103050000060024010B58446934B006818609CF8ED
:1030600004201A71BCF8053040F20E22934264D855
:10307000B3F5007F13D9A3F201230D2B67D8DFE846
:1030800013F07B0087009900A7006600B500BB0025
:10309000C900D000D900E300FD0003010D0140F29A
:1030A0000112934259D0B3F5817F10D3B3F5827FDB
:1030B00059D040F20512934249D17B4BBCF807101E
:1030C0009CF80920A3F8391083F83B203FE0022B3D
:1030D0003ED0032B21D1744BDCF80740DCF80B0009
:1030E000DCF80F10DCF81320C3F81240C3F8160008
:1030F000C3F81A10C3F81E20DCF81740DCF81B00D8
:10310000DCF81F10DCF82320C3F82240C3F82600A7
:10311000C3F82A10C3F82E2019E0012B17D1624BF7
:10312000DCF80700DCF80B10DCF80F20C3F8050012
:10313000C3F80910C3F80D2009E040F209329342A8
:1031400005D164220CF10701584805F0D3FC10BDED
:103150009CF80720544B5A74F9E7DCF80720524BCF
:10316000C3F83220F3E7504BBCF807109CF8092055
:10317000D98683F83820EAE74D4BDCF80700DCF805
:103180000B10DCF80F2007C39CF813201A70DEE741
:10319000454BDCF80740DCF80B00DCF80F10DCF8DE
:1031A0001320C3F84940C3F84D00C3F85110C3F8C9
:1031B0005520CCE73C4BDCF80700DCF80B10DCF8C2
:1031C0000F20C3F85900C3F85D10C3F86120BEE7B3
:1031D000354BDCF80720C3F86520BCF80B109CF8D1
:1031E0000D20A3F8691083F86B20B0E79CF8072046
:1031F0002D4B83F86C20AAE72B4BDCF80720C3F893
:103200006D20BCF80B109CF80D20A3F8711083F80A
:1032100073209CE7274BDCF80700DCF80B1003C396
:1032200095E7214BDCF80700D8679CF80B2083F862
:1032300080208CE71C4BDCF80720C3F88120BCF809
:103240000B20A3F8852082E70CF107031A4A0CF142
:103250002704D3F800C05868D3F808E0D968C2F84A
:1032600000C05060C2F808E0D16010331032A342B1
:10327000EFD119685B681160536068E7BCF80720FC
:10328000094BA3F8AF2062E7074BDCF80720C3F82F
:10329000B120BCF80B20A3F8B52058E79CF8072014
:1032A000014B83F8B7204CE76C0E0020240F002060
:1032B000A80E0020E00E0020F30E002008B520E04C
:1032C000A52806D0594B002283F8872083F8882050
:1032D00017E0564B012283F88620B3F88720511C53
:1032E000A3F88710134498710BE0504B9880B3F803
:1032F0008720511CA3F887101A449071022283F88A
:1033000086204B48FFF7FDFB002800F08E804848E0
:10331000FFF7E0FB454B93F88630052B7CD801A2E4
:1033200052F823F0C1320008EB3200083D330008A8
:103330007933000891330008D13300083B4B9A8859
:1033400042EA002292B29A80B3F8871001F1010C90
:10335000A3F887C00B449871762A04D8334B032214
:1033600083F88620CDE7314B002283F8862083F84E
:10337000872083F88820C4E72C4BB3F88720511CA2
:10338000A3F887101A449071042283F88620B8E7C6
:10339000264BB3F88720511C1FFA81FCA3F8871035
:1033A00013449871BCF1050FABD105212148FFF7FB
:1033B00087FD20B11D4B052283F88620A1E71B4B1A
:1033C000002283F8862083F8872083F8882098E7F6
:1033D000164AB2F88730918801F10902934206D269
:1033E000124A591CA2F887101344987189E7934236
:1033F00087D30E48002380F8863080F8873080F825
:10340000883009310630FFF78FFD00283FF479AF8F
:103410000848FFF71FFE74E7044B002283F886205C
:1034200083F8872083F888206BE708BDA41100206B
:103430008C0F0020AA11002000B583B02D4804F0A5
:10344000F5FD2D4B1B6813F0100F2ED000230193B8
:10345000284B1A681168019152680192019A9B6B7E
:103460001B681A6812F4002F22D11A6822F0010298
:103470001A60204B9A6B11684A68C2F5807292B24A
:103480001E4802804FF480704860996B086801689C
:1034900041F4002101609B6B19680B6843F0010344
:1034A0000B6017491748FFF7D6FA03B05DF804FB25
:1034B0001A6822F001021A600E4B9A6B11684A6872
:1034C000C2F5807292B20D4802804FF4807048605D
:1034D000996B0868016821F4002101609B6B1968F1
:1034E0000B6843F001030B6007490648FFF7B3FA86
:1034F000DBE700BF400B0020001401402E1200202B
:10350000301200208C0F00203013002008B505E099
:10351000D94B65221A70012003F009FE9FEDD7AA4E
:10352000DFEDD79AD74CB0EE4A2AF0EE691AB7EE23
:10353000001AF6EE040AB2EE000A2046FEF790FFEB
:10354000B0EE4A2AF0EE691AB7EE001AF6EE040A57
:10355000B2EE000A04F13400FEF782FFB0EE4A2A10
:10356000F0EE691AB7EE001AF6EE040AB2EE000A9F
:1035700004F16800FEF774FFB0EE4A2AF0EE691A13
:10358000B7EE001AF6EE040AB2EE000A04F19C004F
:10359000FEF766FF9FEDBC9ADFEDBC8ADFEDBCAAAB
:1035A0009FEDBC8ABC4CB0EE492AF0EE681AB0EE32
:1035B0006A1AF6EE000AB0EE480A2046FEF750FFFF
:1035C000B0EE492AF0EE681AB0EE6A1AF6EE000A7A
:1035D000B0EE480A04F13400FEF742FFB0EE492A8B
:1035E000F0EE681AB0EE6A1AF6EE000AB0EE480A7B
:1035F00004F16800FEF734FFB0EE492AF0EE681AD5
:10360000B0EE6A1AF6EE000AB0EE480A04F19C0029
:10361000FEF726FF9FEDA18ADFEDA1AAA14CB0EE37
:10362000492AF0EE691AB0EE481AF0EE480AB0EEF8
:103630006A0A2046FEF714FFB0EE492AF0EE691A36
:10364000B0EE481AF0EE480AB0EE6A0A04F134000F
:10365000FEF706FFB0EE492AF0EE691AB0EE481AFE
:10366000F0EE480AB0EE6A0A04F16800FEF7F8FED0
:10367000B0EE492AF0EE691AB0EE481AF0EE480AA8
:10368000B0EE6A0A04F19C00FEF7EAFE864CB0EE4A
:103690004A2AF0EE691AB7EE001AF6EE040AB2EE04
:1036A000000A2046FEF7DCFEB0EE4A2AF0EE691A68
:1036B000B7EE001AF6EE040AB2EE000A04F1340086
:1036C000FEF7CEFEB0EE4A2AF0EE691AB7EE001A07
:1036D000F6EE040AB2EE000A04F16800FEF7C0FE3E
:1036E000B0EE4A2AF0EE691AB7EE001AF6EE040AB6
:1036F000B2EE000A04F19C00FEF7B2FEDFED6BAA09
:103700006B4CB0EE492AF0EE681AB0EE481AF0EEB3
:10371000480AB0EE6A0A2046FEF7A2FEB0EE492A39
:10372000F0EE681AB0EE481AF0EE480AB0EE6A0AF7
:1037300004F13400FEF794FEB0EE492AF0EE681A68
:10374000B0EE481AF0EE480AB0EE6A0A04F16800DA
:10375000FEF786FEB0EE492AF0EE681AB0EE481A7F
:10376000F0EE480AB0EE6A0A04F19C00FEF778FE1B
:10377000504CB0EE4A2AF0EE691AB7EE001AF6EE97
:10378000040AB2EE000A2046FEF76AFEB0EE4A2AAC
:10379000F0EE691AB7EE001AF6EE040AB2EE000A6D
:1037A00004F13400FEF75CFEB0EE4A2AF0EE691A2E
:1037B000B7EE001AF6EE040AB2EE000A04F1680051
:1037C000FEF74EFEB0EE4A2AF0EE691AB7EE001A86
:1037D000F6EE040AB2EE000A04F19C00FEF740FE89
:1037E000354CB0EE492AF0EE681AB0EE481AF0EE09
:1037F000480AB0EE680A2046FEF732FEB0EE492ACB
:10380000F0EE681AB0EE481AF0EE480AB0EE680A18
:1038100004F13400FEF724FEB0EE492AF0EE681AF7
:10382000B0EE481AF0EE480AB0EE680A04F16800FB
:10383000FEF716FEB0EE492AF0EE681AB0EE481A0E
:10384000F0EE480AB0EE680A04F19C00FEF708FEAC
:10385000022003F06CFC084B1B78652B7FF45BAEF9
:10386000164B93F8483013F0040F7FF451AE024B1F
:1038700065221A704FE600BF1200002000D00446F7
:1038800000007A441019002000409C4500001643B7
:1038900000002A420000964240180020000000006C
:1038A000CDCC4C3E70170020001500200000F042E7
:1038B00030140020A0160020D01500206C0E00202F
:1038C00008B5FFF78FF84FF400720D490D48FFF768
:1038D000B7F80D494FF48072A1F58070FFF748FBEF
:1038E000FFF7A8F9FFF764FA084B18601846FFF7CE
:1038F000ABF9FFF7E3FC0A2003F019FCF2E700BF85
:10390000A40F00208C0F002030130020F40D0020A5
:1039100080B5FEF7E9FB314A31493248FEF7FCFB3E
:10392000314B4FF07E521A6012E0304B00221A6089
:103930002F4BC3ED007A2F4B93ED007A37EEC77A09
:103940002D4A82ED007AC3ED007A012003F0EFFBEF
:10395000224F234E234D3A4631462846FEF7DCFBE4
:10396000D6ED001A254CC4ED051A96ED012A84ED1A
:10397000062AD6ED022AC4ED072A95ED000A84ED49
:10398000080AD5ED010AC4ED090A95ED021A84ED85
:103990000A1A3B68E362144D2846FEF7DFFD04F186
:1039A000380304F1300204F134012846FEF70CFF1D
:1039B000D4ED0D7AF1EE677AC4ED0D7A94ED0C7AC0
:1039C000B1EE477A84ED0C7A084B1B6842F20F7215
:1039D0009342AADC0133054A1360B6E74C1A002073
:1039E000F41900203C1A0020E0190020F0190020F2
:1039F000501A0020481A0020541A0020001A0020F3
:103A000008B5012003F093FBFBE700002DE9F0432C
:103A10002DED068B85B09FEDCF8AB1EE0E2AF2EE2A
:103A2000041AB0EE481AF0EE480A9FEDCB0ACB48D4
:103A3000FEF716FDDFEDCA9AB2EE042AF0EE421A46
:103A40009FEDC81AF0EE480AB0EE690AC648FEF7C4
:103A500007FD9FEDC69ADFEDC68A9FEDC6AAC64C4C
:103A6000B0EE492AF0EE681AB0EE691AF0EE4A0A92
:103A7000B1EE020A2046FEF7F3FCB0EE492AF0EE62
:103A8000681AB0EE691AF0EE4A0AB1EE020A04F1C1
:103A90003400FEF7E5FC9FEDB9AADFEDB99AB0EE70
:103AA000492AF0EE681AB0EE4A1AF0EE480AB0EE73
:103AB000690A04F16800FEF7D3FCB0EE492AF0EE83
:103AC000681AB0EE4A1AF0EE480AB0EE690A04F13C
:103AD0009C00FEF7C5FCAB4CB0EE492AF0EE681A2C
:103AE000B0EE4A1AF0EE480AB0EE690A2046FEF738
:103AF000B7FCB0EE492AF0EE681AB0EE4A1AF0EEC2
:103B0000480AB0EE690A04F13400FEF7A9FCB0EEF1
:103B1000492AF0EE681AB0EE481AF0EE480AB6EEFE
:103B2000080A04F16800FEF79BFCB0EE492AF0EEAB
:103B3000681AB0EE481AF0EE480AB6EE080A04F128
:103B40009C00FEF78DFC9FED909ADFED908A904CE3
:103B5000B0EE492AF0EE681AB7EE001AF6EE040A43
:103B6000B2EE000A2046FEF77BFC9FED8A2ADFEDCD
:103B70008A1AB0EE481ADFED890AB3EE090A04F199
:103B80003400FEF76DFCB0EE492AF0EE681AB0EE94
:103B9000481AF0EE480AB7EE000A04F16800FEF792
:103BA0005FFCB0EE492AF0EE681AB7EE001AF6EEA6
:103BB000040AB2EE000A04F19C00FEF751FC30E06A
:103BC000774D002401940094234622464FF400715F
:103BD0002846FEF7B7FB019400942346224640F2A4
:103BE000FF112846FEF7AEFB6E4D0194009423466C
:103BF000224640F2FF112846FEF7A4FB01940094F0
:103C0000234622464FF400712846FEF79BFB664B85
:103C10005B7C002B3AD1654B01221A700A2003F01D
:103C200086FA624B1B78013B152BF7D801A252F89C
:103C300023F000BFC13B00081D3C00081D3C0008EC
:103C40001D3C00081D3C00081D3C00081D3C0008F0
:103C50001D3C00081D3C00089D3C00081D3C000860
:103C60001D3C00081D3C00081D3C00081D3C0008D0
:103C70001D3C00081D3C00081D3C00081D3C0008C0
:103C80001D3C0008C53D0008C13E0008013BDBB2F9
:103C9000012BC3D8454B0A221A70BFE7444C454E4E
:103CA000DFF8FC80B4F90C300393B4F908300293C8
:103CB000B4F904300193B4F90030009333463E4A1E
:103CC0004FF400714046FEF75DFB30363B4F002558
:103CD00003950295B4F914300193009533463A46A2
:103CE00040F2FF114046FEF74DFB0395029501950A
:103CF000B4F91030009333463A4640F2FF11294898
:103D0000FEF740FB284B5B7C1BB9284B01221A7045
:103D100084E75A1ED2B2012A80D8294A1268B2F525
:103D2000877F0FDB012B05D0022B07D0244B00220D
:103D30001A6073E71D4B15221A70F7E71B4B16220A
:103D40001A70F3E7194B0A21197001321C4B1A60E3
:103D500064E700BF000000009A99993E8C1A002089
:103D60003333333FCDCCCC3D581A00200060EA45B8
:103D700000007A460AD7A33C9C1B00208FC2753DE9
:103D8000CDCC4C403C1D002000D0044600007A44BD
:103D9000DC1E002000803B4600409C456F12833AA9
:103DA000880B0020B00B0020F40D00201300002031
:103DB00048000020700D0020CC1A00206C1C002050
:103DC000C81A0020624C634EDFF8AC91B4F90C3095
:103DD0000393B4F908300293B4F904300193B4F9B1
:103DE0000030009333465C4A4FF400714846FEF7BA
:103DF000C9FA06F13008594F002503950295B4F928
:103E000014300193009543463A4640F2FF1148466C
:103E1000FEF7B8FA039502950195B4F910300093B6
:103E200043463A4640F2FF114D48FEF7ABFAB6F969
:103E3000043041F24952934203DD4A490A68013293
:103E40000A60484A1268002A08DDB3F52F7F05DCB6
:103E5000454B01221A60434B00221A60424B1B68FB
:103E6000012B1AD0414B5B7CEBB9414B01221A70FC
:103E7000D4E6002A0CDB0133052B10DC344A52F85F
:103E80002320002AF5DD013A314941F82320F2E7E9
:103E900001322F4941F82320EDE70023ECE7324BB4
:103EA00000221A60DEE7012B06D0022B7FF4B6AEAB
:103EB0002F4B16221A70B1E62D4B15221A70ADE663
:103EC0002C4C244EDFF8B080B4F90C300393B4F9D5
:103ED00008300293B4F904300193B4F90030009330
:103EE00033461D4A4FF400714046FEF74BFA303618
:103EF0001A4F002503950295B4F9143001930095EB
:103F000033463A4640F2FF114046FEF73BFA03952E
:103F100002950195B4F91030009333463A4640F2C9
:103F2000FF110F48FEF72EFA104B5B7C1BB9104BAC
:103F300001221A7072E6012B06D0022B7FF46EAEBE
:103F40000B4B16221A7069E6094B15221A7065E6AA
:103F500018000020700D00209C1B00203C1D00203C
:103F6000B00B0020C01A0020C41A0020F40D00205D
:103F70001300002030000020880B002000B585B021
:103F8000DFEDE48ADFEDE49AB0EE682AF0EE691A1C
:103F9000B7EE001AF6EE040AB0EE080ADF48FEF7A4
:103FA0005FFA9FEDDF9A9FEDDFAA9FEDDF8ADF4C7E
:103FB000B0EE682AF0EE491AB0EE4A1AF0EE480A5E
:103FC000B1EE020A2046FEF74BFAB0EE682AF0EE98
:103FD000491AB0EE4A1AF0EE480AB1EE020A04F1AC
:103FE0003400FEF73DFADFEDD2AA9FEDD28A9FEDB5
:103FF000D2AAB0EE682AF0EE491AB0EE6A1AF0EED4
:10400000480AB0EE4A0A04F16800FEF729FAB0EE59
:10401000682AF0EE491AB0EE6A1AF0EE480AB0EEDD
:104020004A0A04F19C00FEF71BFAC44CB0EE682A61
:10403000F0EE491AB0EE6A1AF0EE480AB0EE4A0AFB
:104040002046FEF70DFAB0EE682AF0EE491AB0EEFF
:104050006A1AF0EE480AB0EE4A0A04F13400FEF79C
:10406000FFF9B0EE682AF0EE491AB0EE481AF0EE09
:10407000480AB6EE080A04F16800FEF7F1F9B0EE5E
:10408000682AF0EE491AB0EE481AF0EE480AB6EE89
:10409000080A04F19C00FEF7E3F9A94CB0EE682A87
:1040A000F0EE491AB0EE481AF0EE480AB6EE080AE9
:1040B0002046FEF7D5F9B0EE682AF0EE491AB0EEC8
:1040C000481AF0EE480AB6EE080A04F13400FEF78A
:1040D000C7F9B0EE682AF0EE491AB0EE481AF0EED1
:1040E000480AB6EE080A04F16800FEF7B9F9B0EE26
:1040F000682AF0EE491AB0EE481AF0EE480AB6EE19
:10410000080A04F19C00FEF7ABF98E4CB0EE682A69
:10411000F0EE491AB0EE481AF0EE480AB6EE080A78
:104120002046FEF79DF9B0EE682AF0EE491AB0EE8F
:10413000481AF0EE480AB6EE080A04F13400FEF719
:104140008FF9B0EE682AF0EE491AB0EE481AF0EE98
:10415000480AB6EE080A04F16800FEF781F9B0EEED
:10416000682AF0EE491AB0EE481AF0EE480AB6EEA8
:10417000080A04F19C00FEF773F9DFED738A734CB3
:10418000B0EE682AF0EE691AB7EE001AF6EE040AED
:10419000B2EE000A2046FEF763F99FED6D2ADFEDCF
:1041A0006D1AB0EE481ADFED6C0AB3EE090A04F19D
:1041B0003400FEF755F9B0EE682AF0EE691AB0EE59
:1041C000481AF0EE480AB7EE000A04F16800FEF75C
:1041D00047F9B0EE682AF0EE691AB7EE001AF6EE6B
:1041E000040AB2EE000A04F19C00FEF739F9DFED93
:1041F0005B9A9FED5B9ADFED5B8A5B4CB0EE692AC0
:10420000F0EE491AB0EE481AF0EE680AB3EE010A71
:104210002046FEF725F9B0EE692AF0EE491AB0EE15
:10422000481AF0EE680AB3EE010A04F13400FEF712
:1042300017F9B0EE692AF0EE491AB0EE481AF0EE1E
:10424000680AB3EE010A04F16800FEF709F9B0EE5E
:10425000692AF0EE491AB0EE481AF0EE680AB3EE99
:10426000010A04F19C00FEF7FBF812E00022019223
:10427000009213464FF400713C48FEF763F83C4B44
:104280009B7C002B3ED13B4B01221A700A2002F08E
:104290004EFF384B1B78013B172BF7D801A252F881
:1042A00023F000BF6D4200088D4200088D420008D7
:1042B0008D4200088D4200088D4200088D420008A2
:1042C0008D4200088D4200088D4200088D42000892
:1042D0008D4200088D4200088D4200088D42000882
:1042E0008D4200088D4200088D4200088D42000872
:1042F00079430008C74300081944000895440008A2
:10430000E7440008013BDBB2012BBFD8194B142254
:104310001A70BBE70060EA4500007A44AC1F002039
:1043200000007A463333333F0AD7A33C9C1B00205E
:104330008FC2753D00000000CDCC4C403C1D0020DC
:10434000CC1A00206C1C002000D00446DC1E00208B
:1043500000803B4600409C456F12833A00A00C460B
:104360000080BB450AD7233C0C1E0020B00B002068
:10437000F40D002014000020002201920092134648
:104380004FF400716648FDF7DDFF664B9B7C1BB95F
:10439000654B01221A7079E7013BDBB2012B3FF636
:1043A00075AF624B1B68C72B06DD5F4B15221A7079
:1043B0005E4B00221A6069E75B4A142111700133D9
:1043C0005A4A136062E70023039302934FF4E152C9
:1043D00001920093564B574A4FF400715048FDF735
:1043E000D1FF504B9B7C1BB94F4B01221A704DE7FC
:1043F000013BDBB2012B3FF649AF4F4BB3F9002035
:1044000040F60D039A4203DD474B16221A703DE732
:10441000454B15221A7039E7454C0023039302934C
:10442000464A019200932346424A4FF400713C48A9
:10443000FDF7A8FFA389B4F914209B1AB3F5805F98
:104440000ADD3D4A1388013B1380364B9B7C5BB9E8
:10445000354B01221A7019E713F5805FF5DA364AF9
:10446000138801331380F0E7013BDBB2012B3FF6E9
:104470000DAF314BB3F9003013F1310F06DA2A4B8F
:1044800017221A702C4B00221A80FFE6264B1622A8
:104490001A70FBE60023039341F64C5202920193FB
:1044A0000093234B234A4FF400711D48FDF76AFF28
:1044B0001C4B9B7C1BB91C4B01221A70E6E6013B8E
:1044C000DBB2012B3FF6E2AE194BB3F91C2041F2EF
:1044D000F8139A4203DD144B18221A70D6E6124BD9
:1044E00017221A70D2E600230393029301930093DC
:1044F0000F4B104A4FF400710948FDF743FF094B79
:104500009B7C1BB9084B01221A70BFE6013BDBB252
:10451000012B3FF6BBAE044B18221A70B6E600BF63
:10452000B00B0020F40D002014000020802000209B
:10453000F00C0020DC1E00207C200020E0E3FFFFC8
:1045400030B4036A23F001030362036A426884699A
:1045500024F073040D682C4323F0020C8B6843EAAB
:104560000C03104DA84203D005F58065A84205D183
:1045700023F00803CD682B4323F00403094DA84220
:1045800003D005F58065A84205D122F440724D693B
:104590002A438D692A43426084614A684263036208
:1045A00030BC70470000014030B4036A23F48073CC
:1045B0000362036A4268C46924F0730C0C6844EA1D
:1045C0000C0523F400738C6843EA0423114CA042C9
:1045D00003D004F58064A04206D123F40063CC68C4
:1045E00043EA042323F480630A4CA04203D004F579
:1045F0008064A04207D122F440524C6942EA04127E
:104600008C6942EA04124260C5614A68C26303626F
:1046100030BC70470000014030B4036A23F480537B
:104620000362036A4468C26922F4E6420D6842EA02
:10463000052223F400538D6843EA0533094DA8424F
:1046400003D005F58065A84204D124F480444D6967
:1046500044EA85144460C2614A680264036230BC63
:10466000704700BF0000014010B4036A046A24F0E0
:1046700001040462846924F0F00C4CEA021223F075
:104680000A030B43826103625DF8044B704710B468
:10469000046A24F0100404628469036A24F4704CF0
:1046A0004CEA023223F0A00343EA01138261036261
:1046B0005DF8044B7047836823F070030B4343F0AD
:1046C000070383607047000090F83D30DBB2012B98
:1046D00032D1022380F83D300368194A934220D03A
:1046E000B3F1804F1DD0A2F57C42934219D002F560
:1046F0008062934215D002F58062934211D002F598
:10470000784293420DD002F57052934209D0A2F53F
:104710009432934205D01A6842F001021A600020D8
:1047200070479A6802F00702062A07D01A6842F01A
:1047300001021A6000207047012070470020704776
:1047400000000140704700000368304A904212D0D8
:10475000B0F1804F0FD0A2F57C4290420BD002F511
:104760008062904207D002F58062904203D002F549
:104770007842904203D123F070034A681343234ADE
:1047800090422AD0B0F1804F27D0A2F57C429042CF
:1047900023D002F5806290421FD002F580629042E1
:1047A0001BD002F57842904217D002F57052904229
:1047B00013D002F5806290420FD002F580629042E1
:1047C0000BD0A2F59832904207D002F58062904259
:1047D00003D002F58062904203D123F44073CA688B
:1047E000134323F080034A69134303608B68C36259
:1047F0000B688362054B984203D003F580639842AF
:1048000001D10B690363012343617047000001403C
:1048100040B310B5044690F83D30F3B1022384F85C
:104820003D30214651F8040BFFF78EFF012384F839
:10483000463084F83E3084F83F3084F8403084F8C5
:10484000413084F8423084F8433084F8443084F8AE
:10485000453084F83D30002010BD80F83C30FCF736
:10486000D1FCDBE70120704740B310B5044690F857
:104870003D30F3B1022384F83D30214651F8040B5A
:10488000FFF762FF012384F8463084F83E3084F855
:104890003F3084F8403084F8413084F8423084F866
:1048A000433084F8443084F8453084F83D300020AB
:1048B00010BD80F83C30FFF745FFDBE70120704773
:1048C00030B4036A23F010030362036A4468826908
:1048D00022F4E6420D6842EA052223F020038D68A7
:1048E00043EA0513114DA84203D005F58065A8429F
:1048F00006D123F08003CD6843EA051323F040037B
:104900000A4DA84203D005F58065A84207D124F4DA
:1049100040644D6944EA85048D6944EA8504446035
:1049200082614A688263036230BC704700000140C4
:1049300038B590F83C30012B66D004460D46012373
:1049400080F83C300C2A5AD8DFE802F00759595950
:104950001B5959593059595944000068FFF7F0FD67
:104960002268936943F0080393612268936923F0F6
:10497000040393612268936929690B4393610020C2
:104980003EE00068FFF79CFF2268936943F40063F0
:1049900093612268936923F4806393612268936929
:1049A000296943EA01239361002029E00068FFF7A9
:1049B000FBFD2268D36943F00803D3612268D36901
:1049C00023F00403D3612268D36929690B43D361BF
:1049D000002015E00068FFF71FFE2268D36943F44A
:1049E0000063D3612268D36923F48063D3612268B2
:1049F000D369296943EA0123D361002000E0012043
:104A0000002384F83C3038BD0220FCE710B48468F1
:104A100024F47F4C42EA03220A4342EA0C028260F9
:104A20005DF8044B704790F83C30012B78D010B5FE
:104A30000446012380F83C30022380F83D300268B0
:104A4000936823F47F4323F0770393600B68602B14
:104A50004CD029D8402B54D00CD9502B22D1CA6825
:104A600049680068FFF700FE50212068FFF723FE29
:104A7000002005E0202B0DD009D9302B0AD00120D1
:104A8000012384F83D30002384F83C3010BD0BB185
:104A9000102B05D119462068FFF70DFE0020EFE727
:104AA0000120EDE70120EBE7B3F5805F34D0B3F5EB
:104AB000005F0CD1CB684A6889680068FFF7A6FFE1
:104AC0002268936843F4804393600020D8E7702BFA
:104AD00024D1CB684A6889680068FFF797FF22688D
:104AE000936843F0770393600020C9E7CA68496878
:104AF0000068FFF7CCFD60212068FFF7DCFD002097
:104B0000BEE7CA6849680068FFF7AEFD402120682B
:104B1000FFF7D1FD0020B3E70020B1E70120AFE7A8
:104B20000220704701F01F01012303FA01FC036A10
:104B300023EA0C030362036A02FA01F10B430362E6
:104B40007047000010B504460846002942D194F889
:104B50003E30DBB2013B18BF0123002B6ED1002891
:104B600051D1022384F83E30012201462068FFF72C
:104B7000D9FF2368334A934203D002F580629342FF
:104B800003D15A6C42F400425A6423682D4A93427E
:104B900049D0B3F1804F46D0A2F57C42934242D037
:104BA00002F5806293423ED002F5806293423AD091
:104BB00002F57842934236D002F57052934232D0D9
:104BC000A2F5943293422ED01A6842F001021A6084
:104BD000002032E0042908D008290DD094F8413093
:104BE000DBB2013B18BF0123B7E794F83F30DBB2DB
:104BF000013B18BF0123B0E794F84030DBB2013B22
:104C000018BF0123A9E7042805D0082807D00223EC
:104C100084F84130A8E7022384F83F30A4E7022358
:104C200084F84030A0E79A6802F00702062A07D00D
:104C30001A6842F001021A60002010BD0120FCE752
:104C40000020FAE70000014090F83C30012B3DD0F5
:104C500010B4012380F83C30022380F83D30036813
:104C60005A689C6822F0700C0A6842EA0C025A608A
:104C70000368174A93421AD0B3F1804F17D0A2F5B8
:104C80007C42934213D002F5806293420FD002F52A
:104C9000806293420BD002F57842934207D002F52E
:104CA0007052934203D0A2F59432934204D124F07F
:104CB00080044A6814439C60012380F83D3000233F
:104CC00080F83C3018465DF8044B7047022070476E
:104CD00000000140002800F0E08170B582B0044679
:104CE000036813F0010F3BD09F4B9B6803F00C034C
:104CF000042B2CD09C4B9B6803F00C03082B21D079
:104D00006368B3F5803F4FD0B3F5A02F52D0964BD8
:104D10001A6822F480321A601A6822F480221A601B
:104D20006368002B50D000F0D5FE05468E4B1B6803
:104D300013F4003F14D100F0CDFE401B6428F5D9D8
:104D40000320B1E1884B5B6813F4800FD8D0864B09
:104D50001B6813F4003F03D06368002B00F09F81B1
:104D6000236813F0020F54D07F4B9B6813F00C0F95
:104D70003ED07D4B9B6803F00C03082B33D0E368D7
:104D8000002B68D0794B01221A6000F0A3FE054683
:104D9000754B1B6813F0020F54D100F09BFE401BB3
:104DA0000228F5D903207FE16F4A136843F480336A
:104DB0001360B5E76C4B1A6842F480221A601A68D7
:104DC00042F480321A60ABE700F084FE0546664B81
:104DD0001B6813F4003FC3D000F07CFE401B642826
:104DE000F5D9032060E1604B5B6813F4800FC6D1F6
:104DF0005D4B1B6813F0020F03D0E368012B40F0FA
:104E00005081594A136823F0F803216943EAC1032A
:104E10001360236813F0080F42D063696BB3534BE0
:104E20000122C3F8802E00F055FE05464E4B5B6F05
:104E300013F0020F34D100F04DFE401B0228F5D9CB
:104E4000032031E1484A136823F0F803216943EA5B
:104E5000C1031360DDE7454B00221A6000F03AFE03
:104E60000546414B1B6813F0020FD2D000F032FE12
:104E7000401B0228F5D9032016E13C4B0022C3F861
:104E8000802E00F027FE0546374B5B6F13F0020FB4
:104E900006D000F01FFE401B0228F5D9032003E1D5
:104EA000236813F0040F77D02F4B1B6C13F0805F37
:104EB00033D1002301932C4B1A6C42F080521A64B8
:104EC0001B6C03F080530193019B0125284B1B6849
:104ED00013F4807F23D0A368012B34D0052B38D066
:104EE000214B1A6F22F001021A671A6F22F0040296
:104EF0001A67A368002B3DD000F0ECFD06461A4B64
:104F00001B6F13F0020F46D100F0E4FD801B41F24D
:104F100088339842F3D90320C6E00025D6E7144A27
:104F2000136843F48073136000F0D4FD0646104B01
:104F30001B6813F4807FCED100F0CCFD801B0228CB
:104F4000F5D90320B0E0084A136F43F0010313675B
:104F5000CFE7054B1A6F42F004021A671A6F42F04E
:104F600001021A67C5E700BF00380240000047424F
:104F70000070004000F0AEFD0646524B1B6F13F070
:104F8000020F08D000F0A6FD801B41F28833984242
:104F9000F3D9032088E0EDB9A369002B00F08380EA
:104FA000484A926802F00C02082A51D0022B17D00E
:104FB000454B00221A6600F08DFD0446414B1B68EC
:104FC00013F0007F42D000F085FD001B0228F5D9C8
:104FD000032069E03B4A136C23F080531364DBE742
:104FE000394B00221A6600F075FD0546354B1B68EB
:104FF00013F0007F06D000F06DFD401B0228F5D9AC
:10500000032051E0E369226A1343626A43EA821390
:10501000A26A5208013A43EA0243E26A43EA02639F
:10502000284A5360284B01221A6600F053FD0446BB
:10503000244B1B6813F0007F06D100F04BFD001BD2
:105040000228F5D903202FE000202DE000202BE0DE
:10505000012B2BD01B4B5B6803F48001E26991426A
:1050600026D103F03F02216A8A4223D1616A47F6C2
:10507000C0721A40B2EB811F1ED103F44031A26A04
:105080005208013AB1EB024F18D103F07063E26AA3
:10509000B3EB026F14D1002006E00120704701201D
:1050A00002E0012000E0002002B070BD0120FBE71B
:1050B0000120F9E70120F7E70120F5E70120F3E7F8
:1050C0000120F1E7003802400000474208B5254BB7
:1050D0009B6803F00C03042B3FD0082B3FD1214BDE
:1050E0005A6802F03F025B6813F4800F12D01D4B28
:1050F0005968C1F388111C480023A1FB0001FBF78C
:105100000DFD184B5B68C3F3014301335B00B0FB3B
:10511000F3F025E0134B5968C1F3881C4FEA4C119A
:10512000B1EB0C006EEB0E0E4FEA8E1343EA906368
:105130008101091A63EB0E03DB0043EA5173C900D6
:1051400011EB0C0C43F10003990200234FEA8C2071
:1051500041EA9C51FBF7E2FCD3E7034800E0034837
:1051600008BD00BF00380240001BB7000024F40057
:10517000002800F09B8070B50D4604464F4B1B681D
:1051800003F007038B4208D2CBB24C4A137013686A
:1051900003F007038B4240F08B80236813F0020F6B
:1051A00017D013F0040F04D0454A936843F4E0533A
:1051B0009360236813F0080F04D0414A936843F4C6
:1051C000604393603E4A936823F0F003A1680B4369
:1051D0009360236813F0010F32D06368012B21D054
:1051E0009A1E012A25D9364A126812F0020F61D0A0
:1051F00033498A6822F0030213438B6000F06AFC93
:1052000006462F4B9B6803F00C036268B3EB820FDA
:1052100016D000F05FFC801B41F288339842F0D931
:10522000032042E0264A126812F4003FE0D1012038
:105230003BE0234A126812F0007FD9D1012034E00C
:105240001E4B1B6803F00703AB4207D9EAB21B4BA6
:105250001A701B6803F00703AB422DD1236813F0CB
:10526000040F06D0164A936823F4E053E1680B4319
:105270009360236813F0080F07D0114A936823F452
:105280006043216943EAC1039360FFF71FFF0C4BA2
:105290009B68C3F303130B4AD35CD8400A4B1860D6
:1052A0000A4B186800F0CAFB002070BD012070474F
:1052B0000120FAE70120F8E70120F6E7003C024070
:1052C00000380240849100080000002064000020A3
:1052D000014B1868704700BF0000002008B5FFF7B9
:1052E000F7FF044B9B68C3F38223034AD35CD84087
:1052F00008BD00BF003802409491000808B5FFF7D0
:10530000E7FF044B9B68C3F34233034AD35CD840A6
:1053100008BD00BF003802409491000800230F2B05
:1053200000F2E48070B582B060E085685E0003241E
:10533000B44025EA0405CC68B4402C438460456839
:1053400025EA02054C68C4F300129A402A434260E1
:105350005AE0DC08083450F8246003F00702950096
:105360000F22AA4026EA020E0A69AA4042EA0E0269
:1053700040F824205CE0072200E0002202FA0EF24E
:105380002A4302345A4D45F824205A4A94686FEA59
:105390000C0224EA0C054E6816F4801F01D04CEA7A
:1053A0000405544CA560E46802EA04054E6816F44E
:1053B000001F01D04CEA04054E4CE560646802EA27
:1053C00004054E6816F4003F01D04CEA0405494C30
:1053D0006560246822404D6815F4803F01D04CEA96
:1053E0000402444C226001330F2B7DD801229A40E5
:1053F0000C6804EA020C32EA0404F4D14C6804F0AC
:105400000304013C012C90D94A6802F00302032AEC
:1054100009D0C4685D000322AA4024EA02048A6815
:10542000AA402243C2604A6802F00302022A90D0D6
:1054300004684FEA430E032202FA0EF224EA020441
:105440004A6802F0030202FA0EF2224302604A683E
:1054500012F4403FC7D000220192274A546C44F412
:1054600080445464526C02F480420192019A9C0878
:10547000A51C1F4A52F8255003F003024FEA820E82
:105480000F2202FA0EF225EA02051C4A90423FF46E
:1054900074AF02F5806290421AD002F580629042A9
:1054A00018D002F58062904216D002F580629042D8
:1054B00014D002F58062904212D002F580629042D0
:1054C00010D002F5806290423FF455AF082255E7B4
:1054D000012253E7022251E703224FE704224DE75E
:1054E00005224BE7062249E702B070BD704700BFB6
:1054F00000380140003C01400038024000000240FA
:105500000AB18161704709048161704770470000EA
:1055100008B5054B5B69034200D108BD024B5861D9
:10552000FFF7F4FFF9E700BF003C014010B4036847
:10553000D9B210390C4AA2FB014212090B4CA25CF1
:10554000C2655F2909D923F47F7323F00303043371
:105550008365806D5DF8044B704723F47F7323F0FF
:1055600003038365F5E700BFABAAAAAA0895000864
:10557000836A826992B9012B0AD0022B02D00BB147
:1055800000207047C36A13F0807F28D10020704745
:10559000C36AB3F1C07F24D000207047B2F5005F2A
:1055A00009D0022B25D9032B25D1C36A13F0807FA4
:1055B00023D100207047032B03D8DFE803F0140445
:1055C000140A00207047C36A13F0807F0DD10020B9
:1055D0007047C36AB3F1C07F09D000207047012033
:1055E000704701207047012070470120704701205B
:1055F000704701207047002070470120704700006D
:1056000070B5044600F066FA002C5BD00546022314
:1056100084F83530002384F834302268136823F08E
:105620000103136023681A6812F0010F0AD000F01A
:1056300051FA431B052BF5D920236365032084F819
:10564000350070BD1A68204810406168A2680A439E
:10565000E1680A4321690A4361690A43A1690A436F
:10566000E1690A43216A0A430243616A04291ED0A0
:105670001A602668756925F00705636A1D43042BC7
:1056800007D1A36A1D43E36A1BB12046FFF770FFF1
:1056900090B975612046FFF749FFE26D3F239340C3
:1056A000836000206065012384F83530C9E7E16A32
:1056B000206B01430A43DBE740236365012084F844
:1056C0003500BEE70120BCE73F8010F070B504460E
:1056D000866D00F0FFF994F83530DBB2022B06D06E
:1056E00080236365002384F83430012070BD0546B3
:1056F0002268136823F0160313602268536923F0AD
:1057000080035361236CE3B12268136823F008031C
:1057100013602268136823F00103136023681B6879
:1057200013F0010F11D000F0D5F9431B052BF5D96B
:1057300020236365032084F83500002384F8343087
:10574000D4E7A36C002BDFD1E3E7E26D3F23934066
:10575000B360012384F83530002084F83400C5E7B5
:1057600090F83530DBB2022B03D080234365012053
:105770007047052380F835300268136823F0010371
:105780001360002070470000F0B583B0044600238A
:105790000193724B1D68724BA3FB0535AD0A876DF3
:1057A0003E68C26D08239340334210D003681A68E4
:1057B00012F0040F0BD01A6822F004021A60C26DB6
:1057C00008239340BB60436D43F001034365E26DE2
:1057D00001239340334209D02268526912F0800FAE
:1057E00004D0BB60636D43F002036365E26D042384
:1057F0009340334209D02268126812F0020F04D09D
:10580000BB60636D43F004036365E26D1023934056
:10581000334224D02268126812F0080F1FD0BB60F8
:1058200023681A6812F4802F0DD01B6813F4002F20
:1058300004D1236C9BB12046984710E0A36C73B150
:10584000204698470BE01A6812F4807F03D11A684B
:1058500022F008021A60236C0BB120469847E26DD3
:1058600020239340334255D02268126812F0100F63
:1058700050D0BB6094F83530DBB2052B0ED02368D6
:105880001A6812F4802F33D01B6813F4002F2AD12A
:10589000636C002B3ED0204698473BE0226813689B
:1058A00023F0160313602268536923F080035361C9
:1058B000236CA3B12268136823F008031360E26D20
:1058C0003F239340BB60012384F83530002384F8E4
:1058D0003430236D002B3FD0204698473CE0A36C2A
:1058E000002BE7D1EBE7E36BA3B12046984711E02B
:1058F0001A6812F4807F09D11A6822F010021A6027
:10590000012384F83530002384F83430E36B0BB185
:1059100020469847636DFBB1636D13F0010F17D0FC
:10592000052384F835302268136823F001031360DF
:10593000019B01330193AB4204D823681B6813F029
:10594000010FF5D1012384F83530002384F8343079
:10595000E36C0BB12046984703B0F0BD0000002077
:10596000B5814E1B074AD36823F4E0631B041B0C6C
:10597000000200F4E060034343F0BF6343F40033EC
:10598000D360704700ED00E000B5194BDB68C3F34E
:105990000223C3F1070CBCF1040F28BF4FF0040C25
:1059A00003F1040EBEF1060F18D9033B4FF0FF3E82
:1059B0000EFA0CFC21EA0C0199400EFA03F322EADC
:1059C0000303194300280BDB0901C9B200F1604051
:1059D00000F5614080F800135DF804FB0023E5E763
:1059E00000F00F000901C9B2024B1954F4E700BFDF
:1059F00000ED00E014ED00E0002807DB00F01F02DE
:105A0000400901239340024A42F82030704700BF0A
:105A100000E100E00138B0F1807F0BD24FF0E023CD
:105A20005861054AF02182F823100020986107226E
:105A30001A6170470120704700ED00E010B5044680
:105A40000E4B18784FF47A73B3FBF0F30C4A1068DE
:105A5000B0FBF3F0FFF7DEFF68B90F2C01D901208E
:105A60000AE0002221464FF0FF30FFF78DFF054B83
:105A70001C60002000E0012010BD00BF600000207D
:105A8000000000206400002008B50B4B1A6842F4A7
:105A900000721A601A6842F480621A601A6842F44E
:105AA00080721A600320FFF75DFF0F20FFF7C6FF2B
:105AB000FBF746FB002008BD003C0240034A11688A
:105AC000034B1B780B441360704700BF84200020F9
:105AD00060000020014B1868704700BF8420002040
:105AE00000F1080343604FF0FF328260C36003613E
:105AF00000230360704700230361704743684B60D5
:105B00009A688A6051609960086103680133036094
:105B1000704730B40D68B5F1FF3F11D000F10803B4
:105B20001C465B681A68AA42FAD963684B609960A0
:105B30008C606160086103680133036030BC7047AA
:105B40000469F2E70369416882688A6041685160CC
:105B50005A68824206D0002202611A68013A1A602D
:105B60001868704782685A60F5E710B5044601F07E
:105B700071FCA26BE36B9A4204D0002401F08CFC10
:105B8000204610BD0124F9E710B5044601F062FC7F
:105B9000A36B23B9012401F07FFC204610BD002433
:105BA000F9E770B504461546866B026C5AB903686E
:105BB0001BB100200136A66370BD806800F0F4FFC1
:105BC0000023A360F6E76DB9406802F093FF226CF2
:105BD000636813446360A268934219D323686360C7
:105BE0002846E7E7C06802F085FF226C5142E3686F
:105BF0009B1AE3602268934202D2A3680B44E360DD
:105C0000022D01D00020D5E726B1013E0020D1E7CA
:105C10002846CFE70020CDE70346026C6AB110B5F5
:105C20000846D9681144D9609C68A14201D319681B
:105C3000D960D96802F05EFF10BD704738B50546DF
:105C400001F008FC95F8454064B201E0013C64B203
:105C5000002C0ADD6B6A43B105F1240000F0ECFE74
:105C60000028F3D000F08AFFF0E7FF2385F84530E5
:105C700001F012FC01F0EEFB95F8444064B201E043
:105C8000013C64B2002C0ADD2B6943B105F1100020
:105C900000F0D2FE0028F3D000F070FFF0E7FF2301
:105CA00085F8443001F0F8FB38BD38B5E0B10D4659
:105CB000044601F0CFFB2368E26B216C01FB02304C
:105CC000A0600020A0636360013A02FB0133E3603F
:105CD000FF2384F8443084F84530FDB9236963B963
:105CE00001F0DAFB012038BD4FF0500383F3118837
:105CF000BFF36F8FBFF34F8FFEE704F1100000F08A
:105D00009BFE0028ECD04FF0E0234FF08052C3F808
:105D1000042DBFF34F8FBFF36F8FE1E704F1100045
:105D2000FFF7DEFE04F12400FFF7DAFED8E710B536
:105D3000034602980C4631B90060C3630464012134
:105D4000FFF7B3FF10BD0260F7E740B94FF0500313
:105D500083F31188BFF36F8FBFF34F8FFEE710B54A
:105D600084B01C46844653B192B189B94FF05003B8
:105D700083F31188BFF36F8FBFF34F8FFEE74FF0B0
:105D8000500383F31188BFF36F8FBFF34F8FFEE78C
:105D90006AB148230393039B482B13D04FF0500361
:105DA00083F31188BFF36F8FBFF34F8FFEE7002996
:105DB000EFD04FF0500383F31188BFF36F8FBFF321
:105DC0004F8FFEE7039B012384F8463000949DF833
:105DD00018306046FFF7ABFF204604B010BDF0B5A9
:105DE00085B0019288B10F461D460446B1B1022D1F
:105DF00020D1E36B012B1DD04FF0500383F31188AA
:105E0000BFF36F8FBFF34F8FFEE74FF0500383F365
:105E10001188BFF36F8FBFF34F8FFEE7036C002B2A
:105E2000E5D04FF0500383F31188BFF36F8FBFF3BA
:105E30004F8FFEE700F0A8FE064658B9019B002BE5
:105E400048D04FF0500383F31188BFF36F8FBFF337
:105E50004F8FFEE700263DE02A4639462046FFF7F1
:105E6000A0FE636A7BB948B14FF0E0234FF0805247
:105E7000C3F8042DBFF34F8FBFF36F8F01F00CFBFE
:105E8000012005B0F0BD04F1240000F0D5FD00288C
:105E9000F4D04FF0E0234FF08052C3F8042DBFF34D
:105EA0004F8FBFF36F8FE9E701F0F6FA0020E8E7C4
:105EB00002A800F007FE012619E0002384F8443010
:105EC00021E0002384F8453023E02046FFF7B6FEAA
:105ED00000F090FC01F0BEFAA26BE36B9A42BBD3D8
:105EE000022DB9D0019B002BDED0002EE0D001F0B6
:105EF000D3FA00F0E5FB01F0ADFA94F8442052B279
:105F0000B2F1FF3FD9D094F8452052B2B2F1FF3F31
:105F1000D7D001F0C1FA01A902A800F0DFFDD8B97D
:105F20002046FFF722FE0028CFD0019904F110008F
:105F300000F04EFD2046FFF781FE00F05BFC0028DC
:105F4000C8D14FF0E0234FF08052C3F8042DBFF3C7
:105F50004F8FBFF36F8FBDE72046FFF76FFE00F056
:105F600049FC00208DE72DE9F84390B10F46164615
:105F70001C460546B1B1022C20D1EB6B012B1DD084
:105F80004FF0500383F31188BFF36F8FBFF34F8F30
:105F9000FEE74FF0500383F31188BFF36F8FBFF319
:105FA0004F8FFEE7036C002BE5D04FF0500383F3D7
:105FB0001188BFF36F8FBFF34F8FFEE701F070FBC7
:105FC000EFF311894FF0500383F31188BFF36F8F04
:105FD000BFF34F8FAA6BEB6B9A4206D3022C04D00F
:105FE000002089F31188BDE8F88395F845804FFAC1
:105FF00088F8AB6B224639462846FFF7D2FDB8F148
:10600000FF3F06D008F101035BB285F8453001205F
:10601000E7E76B6A0BB90120E3E705F1240000F024
:106020000BFD18B126B101203060DAE70120D8E776
:106030000120D6E7F0B585B0019290B10F46044635
:10604000C1B100F0A1FD064600BB019B002B5ED054
:106050004FF0500383F31188BFF36F8FBFF34F8F5F
:10606000FEE74FF0500383F31188BFF36F8FBFF348
:106070004F8FFEE7036C002BE3D04FF0500383F308
:106080001188BFF36F8FBFF34F8FFEE700263EE00E
:1060900039462046FFF7C0FD013DA563236923B9BA
:1060A00001F0FAF9012005B0F0BD04F1100000F094
:1060B000C3FC0028F4D04FF0E0234FF08052C3F827
:1060C000042DBFF34F8FBFF36F8FE9E701F0E4F9C1
:1060D0000020E8E702A800F0F5FC012621E00023FB
:1060E00084F8443029E0002384F845302BE0204632
:1060F000FFF7A4FD00F07EFB09E02046FFF79EFDC0
:1061000000F078FB2046FFF73FFD00283FD101F06B
:10611000A1F9A56B002DBBD1019B002BD6D0002E81
:10612000D8D001F0B9F900F0CBFA01F093F994F866
:1061300044305BB2B3F1FF3FD1D094F845305BB24D
:10614000B3F1FF3FCFD001F0A7F901A902A800F0F9
:10615000C5FC0028D1D12046FFF716FD0028C6D087
:10616000019904F1240000F033FC2046FFF766FD9E
:1061700000F040FB0028CAD14FF0E0234FF08052DE
:10618000C3F8042DBFF34F8FBFF36F8FBFE700201D
:1061900089E700000023072B0CD8074A52F8332068
:1061A0000AB10133F7E7044A42F8331002EBC303A4
:1061B00058607047704700BF8820002070B50446C3
:1061C0000D46164601F046F994F844305BB2B3F13F
:1061D000FF3F0DD094F845305BB2B3F1FF3F0BD0D9
:1061E00001F05AF9A36B5BB12046FFF727FD70BDA4
:1061F000002384F84430EDE7002384F84530EFE7CE
:106200003246294604F1240000F0FAFBECE70000D6
:10621000084B1B681B6823B9074B4FF0FF321A600D
:106220007047044B1B68DB68DB685A68024B1A60D6
:10623000704700BFCC200020A02100202DE9F047AE
:1062400080460D4617469946089EDDF824A00A9C14
:106250009200A521206B02F05BFC236B07F18042CA
:10626000013A03EB820727F00707002D38D04FF0E3
:10627000000CBCF10F0F0BD815F80C2004EB0C032D
:1062800083F8342015F80C3013B10CF1010CF0E751
:10629000002384F84330062E00D90626E6626664A1
:1062A0000025A564201DFFF726FC04F11800FFF768
:1062B00022FC2461C6F10706A6616462E56484F8E5
:1062C000505084F852504A464146384601F094F8FE
:1062D0002060BAF1000F01D0CAF80040BDE8F08795
:1062E000002384F83430D6E738B5002407E004EB07
:1062F000840293000E481844FFF7F2FB0134062C89
:10630000F5D90C4D2846FFF7EBFB0B4C2046FFF769
:10631000E7FB0A48FFF7E4FB0948FFF7E1FB094800
:10632000FFF7DEFB084B1D60084B1C6038BD00BF4B
:10633000D42000207421002088210020AC210020DE
:10634000D8210020C4210020CC200020D020002013
:1063500010B5044601F07EF8214A1368013313603A
:10636000204B1B685BB1204B1B686BB91D4B1B6836
:10637000DA6AE36A9A4207D81A4B1C6004E0194BA8
:106380001C601368012B28D0184A1368013313606E
:10639000E06A01238340164A11680B43136000EB47
:1063A0008000211D134B03EB8000FFF7A7FB01F0DA
:1063B00073F80D4B1B687BB10A4B1B68DA6AE36A02
:1063C0009A4209D24FF0E0234FF08052C3F8042DD7
:1063D000BFF34F8FBFF36F8F10BDFFF785FFD3E77C
:1063E00060210020C8200020C02100206C21002056
:1063F00070210020D420002010B5044690F85130C0
:1064000063B1012B11D0022B0ED04FF0500383F358
:106410001188BFF36F8FBFF34F8FFEE7006B00F063
:106420006FFF204600F06CFF10BD00F069FFFBE736
:106430000F4B1B68D3B110B501F00CF80D4BDB68A6
:10644000DC68201DFFF77EFB0B4A1368013B1360DD
:10645000074A1368013B136001F01EF82046FFF75E
:10646000CBFF034B1B68002BE6D110BD704700BF6C
:1064700064210020D82100206021002008B5FFF70A
:10648000D7FF074B1B68012BF9D94FF0E0234FF0E2
:106490008052C3F8042DBFF34F8FBFF36F8FEEE729
:1064A000D420002070B504460D461F4B1E681F4BBC
:1064B0001A68002182F8521018680430FFF742FB76
:1064C00050B91A4B1B68DA6A012303FA02F2184921
:1064D0000B6823EA02030B60B4F1FF3F0DD0344494
:1064E000124B1B685C60A64210D9124B18680F4B08
:1064F00019680431FFF70DFB70BD002DEFD00B4B79
:10650000196804310C48FFF7F9FAF5E70B4B1868E6
:10651000064B19680431FFF7FCFA094B1B68A342CC
:10652000EAD9074B1C60E7E7EC210020C8200020D7
:1065300070210020D0200020C4210020CC20002089
:10654000A021002030B587B00B9C7CB10C9DB5B16B
:1065500054250495049D542D1AD04FF0500383F315
:106560001188BFF36F8FBFF34F8FFEE74FF05003DB
:1065700083F31188BFF36F8FBFF34F8FFEE74FF0A8
:10658000500383F31188BFF36F8FBFF34F8FFEE784
:10659000049D0C9D2C63022485F851400024039433
:1065A000029505AC01940A9C0094FFF747FE0C98F5
:1065B000FFF7CEFE059807B030BD2DE9F04385B05A
:1065C0000746884614461E46900000F01BFE00B3A6
:1065D0008146542000F016FE0546B0B1C0F8309058
:1065E000E5B1002385F85130039302950D9B01938B
:1065F0000C9B00933346224641463846FFF71EFE69
:106600002846FFF7A5FE012005E0484600F078FE89
:10661000E6E74FF0FF3005B0BDE8F0834FF0FF3004
:10662000F9E7000010B588B000240594069407AA85
:1066300006A905A8FAF706FF059B0293069B01939E
:1066400000942346079A18491848FFF77BFF184B18
:10665000186040B100F06EFB012806D0B0F1FF3F9A
:1066600018D008B010BD0020F6E74FF0500383F3B8
:106670001188BFF36F8FBFF34F8F0E4B4FF0FF3278
:106680001A600D4B01221A600C4B00221A6000F0B8
:106690007BFFE6E74FF0500383F31188BFF36F8F62
:1066A000BFF34F8FFEE700BF109500087D64000820
:1066B0009C210020A0210020C0210020EC210020EE
:1066C000024A136801331360704700BF682100203D
:1066D000014B1868704700BFEC210020F8B53A4B19
:1066E0001B68002B69D1394B1D6801351D60C5B988
:1066F000374B1B681B6843B14FF0500383F311887D
:10670000BFF36F8FBFF34F8FFEE7314A1168314BF4
:10671000186810601960304A136801331360FFF77E
:1067200077FD2E4B1B68AB423DD900272C4B1B68D5
:10673000DB6A03EB83039A002A4B9B58012B00D999
:106740000127294B1B68002B3CD001273AE0012789
:106750001F4B1B681B6843B31D4B1B68DB68DC6861
:1067600063689D4226D3261D3046FFF7EBF9A36AE6
:106770001BB104F11800FFF7E5F9E36A01229A4022
:106780001A49086802430A6003EB83039A00314602
:1067900014481044FFF7B2F9E26A114B1B68DB6A38
:1067A0009A42D4D2D4E70027D2E70C4B4FF0FF3205
:1067B0001A60BBE7094A1360B8E70D4A1368013352
:1067C000136000273846F8BD68210020EC21002026
:1067D000CC200020D0200020A4210020A0210020D7
:1067E000C8200020D4200020F021002070210020AB
:1067F000A821002038B5354B1B6843B94FF0500332
:1068000083F31188BFF36F8FBFF34F8FFEE700F064
:1068100021FE2E4B1A68013A1A601B68002B4FD1DB
:106820002B4B1B680BB900244BE00024294B1B6841
:106830001BB3284BDB68DC6804F11800FFF782F912
:10684000251D2846FFF77EF9E06A01238340224A8E
:1068500011680B43136000EB800029461F4B03EBCC
:106860008000FFF74BF9E26A1D4B1B68DB6A9A4216
:10687000DCD31C4B01221A60D8E70CB1FFF7C8FC2F
:10688000194B1C6884B9174B1C68D4B14FF0E02336
:106890004FF08052C3F8042DBFF34F8FBFF36F8FBB
:1068A00001240EE0013C07D0FFF718FF0028F9D0C3
:1068B0000C4B01221A60F5E70B4B00221A60E2E74D
:1068C000002400F0E9FD204638BD00BF682100200B
:1068D00060210020AC21002070210020D420002065
:1068E000C8200020F0210020A821002010B5A8B168
:1068F0000446104B1B6843B14FF0500383F31188DB
:10690000BFF36F8FBFF34F8FFEE7FFF7D9FE002174
:106910002046FFF7C7FDFFF76DFF48B94FF0E023B2
:106920004FF08052C3F8042DBFF34F8FBFF36F8F2A
:1069300010BD00BF68210020204B1B681BB1204BFD
:1069400001221A6070471E4B00221A601D4B1B6803
:10695000B3FA83F3DBB2C3F11F0303EB83018A00B5
:1069600019498A5842B94FF0500383F31188BFF395
:106970006F8FBFF34F8FFEE7134903EB8300820055
:106980000A4450684068506003EB830C4FEA8C0265
:1069900008321144884209D003EB83039A000A4B62
:1069A00013445B68DA68094B1A60704740686246B6
:1069B0009100054A0A445060EEE700BF68210020BC
:1069C000F021002070210020D4200020C8200020C9
:1069D00058B110B50C46094A11681831FFF799F8FB
:1069E00001212046FFF75EFD10BD4FF0500383F3F9
:1069F0001188BFF36F8FBFF34F8FFEE7C8200020D1
:106A000038B570B10D4614460A4A11681831FFF7BF
:106A100075F80CB14FF0FF3521462846FFF742FDCF
:106A200038BD4FF0500383F31188BFF36F8FBFF36E
:106A30004F8FFEE7C820002038B5C368DC6824B358
:106A400004F118052846FFF77DF8184B1B682BBB8F
:106A5000251D2846FFF776F8E06A01238340144A93
:106A600011680B43136000EB80002946114B03EBC8
:106A70008000FFF743F8E26A0F4B1B68DB6A9A421B
:106A800011D901200D4B186038BD4FF0500383F32E
:106A90001188BFF36F8FBFF34F8FFEE72946084879
:106AA000FFF72CF8E7E70020EEE700BF68210020A1
:106AB00070210020D4200020C8200020F0210020D8
:106AC000AC210020034B1B680360034B1B68436031
:106AD000704700BFA4210020EC210020F8B5B8B118
:106AE0000C460546E9B100F0B5FC214B1A686B680D
:106AF000D01A2049096891F85210D9B11D4B1B6872
:106B0000002283F85220012400F0C6FC2046F8BD84
:106B10004FF0500383F31188BFF36F8FBFF34F8F94
:106B2000FEE74FF0500383F31188BFF36F8FBFF37D
:106B30004F8FFEE72168B1F1FF3F14D00E4E36684B
:106B40002F68B74201D093420FD9814203D8002366
:106B500023600124D8E79B1A0B4423602846FFF7E3
:106B6000B1FF0024D0E70024CEE70124CCE700BF2A
:106B7000EC210020C8200020A4210020014B01228C
:106B80001A607047F0210020054B1B6833B1054B9C
:106B90001B680BB10020704702207047012070472E
:106BA000C02100206821002000284CD038B50446C0
:106BB000274B1B68834208D04FF0500383F31188A2
:106BC000BFF36F8FBFF34F8FFEE7836C43B94FF076
:106BD000500383F31188BFF36F8FBFF34F8FFEE72E
:106BE000013B8364C16A426C91422ED00BB10020FC
:106BF00038BD051D2846FEF7A5FF70B9E26A02EB15
:106C000082039B001349CB583BB9012303FA02F2DC
:106C100011490B6823EA02030B60606CE062C0F16B
:106C20000703A361012404FA00F30B4A11680B4324
:106C3000136000EB80002946064B03EB8000FEF753
:106C40005DFF2046D4E7002070470020D0E700BF5A
:106C5000C8200020D420002070210020064B1A6894
:106C600013682BB90123036023B9D36818687047F0
:106C70000023F8E700207047F421002008B54160A8
:106C8000006191420CD8D21A83699A4201D3012043
:106C900008BD011D094B1868FEF73BFF0020F7E710
:106CA0009A4201D2994206D2011D054B1868FEF79F
:106CB00030FF0020ECE70120EAE700BFF8210020C8
:106CC000F421002030B583B000F0C4FB114B1B68E9
:106CD0001BB100F0E1FB03B030BD0F4D2846FEF7BD
:106CE000FFFE0E4C2046FEF7FBFE0D4B1D600D4BCC
:106CF0001C60002300930C4B0C4A10210A20FFF764
:106D000024F8044B18600028E3D00949FFF742FA41
:106D1000DFE700BF102300209C220020B0220020CB
:106D2000F4210020F8210020C8220020FC210020AE
:106D30001895000810B588B0FFF7C4FF124B1B6808
:106D4000CBB100240594069407AA06A905A8FAF772
:106D500085FB059B0293069B019302230093234628
:106D6000079A0A490A48FFF7EDFB0A4B186010B171
:106D7000012008B010BD4FF0500383F31188BFF31A
:106D80006F8FBFF34F8FFEE7102300202095000880
:106D90009970000814230020B8B19C460346184897
:106DA000006858B300B585B000910192029305299F
:106DB0001CDCFFF7E9FE022810D000231A466946C2
:106DC0000F480068FFF70BF815E04FF0500383F30E
:106DD0001188BFF36F8FBFF34F8FFEE70023069A32
:106DE000694607480068FEF7FAFF04E000236246A0
:106DF0006946FFF7B8F805B05DF804FB002070475E
:106E00001023002070B582B01B4B1B681A6862B358
:106E1000DB681E68DC68251D2846FEF793FE236AA2
:106E20002046984794F8243013F0040FECD0A3695F
:106E300033449E4207D26360246129460E4B186892
:106E4000FEF767FEE0E7002100910B463246204640
:106E5000FFF7A2FF0028D7D14FF0500383F311882A
:106E6000BFF36F8FBFF34F8FFEE7044A10680249EC
:106E70000860136002B070BDF4210020F8210020EA
:106E800038B50546FFF724FC0446074B1B688342D0
:106E900005D800232B60044B1C60204638BDFFF74B
:106EA000B1FF01232B60F6E7C422002070B582B049
:106EB00006460D4617490968C968CC68201DFEF7CB
:106EC00041FE94F824C01CF0040F08D12CF0010CF2
:106ED00084F824C0236A2046984702B070BDA16997
:106EE00033462A4631442046FFF7C8FE0028F1D039
:106EF000002100910B4632462046FFF74DFF002847
:106F0000E8D14FF0500383F31188BFF36F8FBFF3C5
:106F10004F8FFEE7F421002070B582B006460C4684
:106F2000FFF7CEFB01A8FFF7ABFF019B33BB054684
:106F30000CB9B04219D224B1124A12681268DAB9F7
:106F400001242246711B104B1868FFF737F9FFF731
:106F500051FCA8B94FF0E0234FF08052C3F8042D44
:106F6000BFF34F8FBFF36F8F0AE0FFF743FC294653
:106F70003046FFF79BFF03E01C46E2E7FFF73AFCD1
:106F800002B070BDF82100201023002010B588B099
:106F900002E0049B002B0FDA002204A93D4B186885
:106FA000FFF748F8002873D0049B002BF1DA07990B
:106FB0000698059B9847ECE7069C636913B1201D72
:106FC000FEF7C0FD03A8FFF75BFF049B092BE3D886
:106FD000DFE803F00505053037500505303794F834
:106FE000243043F0010384F82430059BA169024654
:106FF00019442046FFF742FE0028CDD0236A2046E0
:10700000984794F8243013F0040FC5D0A2690021EA
:1070100000910B46059802442046FFF7BDFE00286C
:10702000BAD14FF0500383F31188BFF36F8FBFF3D2
:107030004F8FFEE794F8243023F0010384F82430C6
:10704000AAE794F8243043F0010384F8243005992A
:10705000A16131B10346024601442046FFF70EFE0E
:107060009AE74FF0500383F31188BFF36F8FBFF39C
:107070004F8FFEE794F8243013F0020F04D023F072
:10708000010384F8243087E7204600F039F983E7CC
:1070900008B010BD1023002000B583B001A8FFF791
:1070A000DDFD0199FFF738FFFFF770FFF6E7842851
:1070B00001D0033070470020704708B5FFF7B2FADF
:1070C000002008BD2DE9F04387B004460F4645690E
:1070D000BDB18669AEB1D0F80480D0F80090B0F9A7
:1070E0000800FFF7E4FF0296019500903B462269F5
:1070F00049464046FFF726FA0590059807B0BDE8D7
:10710000F08365682668D4F81080B4F90800FFF7AA
:10711000CEFF05AB019300903B461FFA88F2314643
:107120002846FFF74AFA0128E7D00020E6E708B52D
:1071300000B90120FFF7DAFB002008BD124A12F067
:10714000070F1ED0D11D21F00701C1F5C043134424
:107150000A460E480260002141601344083B23F0B8
:1071600007030B48036059601960991A5160136056
:10717000084B1960084B1960084B4FF000421A6029
:1071800070474FF4C043E4E71C2300203083002005
:107190001823002024830020208300201C8300204B
:1071A000164B1A461B688342FBD3516802EB010C55
:1071B000844509D0416800EB010C634509D00360A8
:1071C000904219D0106070474068014451601046E9
:1071D000F0E710B40A4C2468A3420BD05B68194452
:1071E000416013681B680360904200D010605DF836
:1071F000044B70470460F7E7704700BF30830020FE
:107200001823002070B50546FFF75AFA364B1B6865
:10721000A3B1364B1B681D424ED135B1083515F070
:10722000070F02D025F007050835002D46D0304B5A
:107230001B68AB4251D32F4A146804E0FFF77EFF6E
:10724000E7E722461C466368AB4202D22368002B64
:10725000F7D1254B1B68A34241D016680836236836
:10726000136063685B1B102B10D9601910F0070FB7
:1072700008D04FF0500383F31188BFF36F8FBFF333
:107280004F8FFEE743606560FFF78AFF6268184929
:107290000B689B1A0B60184909688B4201D216498A
:1072A0000B60124B1B681343636000232360134A77
:1072B00013680133136002E0002600E00026FFF7A8
:1072C00099FA16F0070F0CD04FF0500383F3118892
:1072D000BFF36F8FBFF34F8FFEE70026EFE7002667
:1072E000EDE7304670BD00BF182300201C8300204E
:1072F0002083002030830020248300202883002066
:10730000002834D038B50446A0F1080550F8043CF4
:10731000174A1268134208D14FF0500383F31188C3
:10732000BFF36F8FBFF34F8FFEE750F8081C41B1DA
:107330004FF0500383F31188BFF36F8FBFF34F8F6C
:10734000FEE723EA020340F8043CFFF7B9F954F8DA
:10735000041C084A13680B4413602846FFF720FFFB
:10736000054A136801331360FFF744FA38BD7047CC
:107370001C830020208300202C83002082B0002367
:1073800001930D4B1B68B3F1FF3F08D04FF0500342
:1073900083F31188BFF36F8FBFF34F8FFEE74FF07A
:1073A000500383F31188BFF36F8FBFF34F8F019B9F
:1073B000002BFCD002B0704768000020084800682D
:1073C000006880F308884FF0000080F3148862B6EC
:1073D00061B6BFF34F8FBFF36F8F00DF00BF0000B8
:1073E00008ED00E0DFF80C00016841F47001016075
:1073F0007047000088ED00E04FF0807340F8043CD7
:1074000021F0010140F8081C054B40F80C3C40F805
:10741000202C6FF0020340F8243C4438704700BF32
:107420007D73000800000000000000000000000064
:10743000074B19680868B0E8F04F80F30988BFF37C
:107440006F8F4FF0000080F311887047AFF300801A
:10745000C82000204FF0500383F31188BFF36F8FD3
:10746000BFF34F8F0B4A136801331360012B00D019
:1074700070474FF0E023D3F8043D13F0FF0FF7D02F
:107480004FF0500383F31188BFF36F8FBFF34F8F1B
:10749000FEE700BF68000020094B1B6843B94FF0AE
:1074A000500383F31188BFF36F8FBFF34F8FFEE755
:1074B000013B034A13600BB983F31188704700BF87
:1074C0006800002000000000000000000000000034
:1074D000EFF30980BFF36F8F154B1A681EF0100F82
:1074E00008BF20ED108A20E9F04F10602DE9090057
:1074F0004FF0500080F31188BFF34F8FBFF36F8FB1
:10750000FFF71AFA4FF0000080F3118809BC1968E0
:107510000868B0E8F04F1EF0100F08BFB0EC108AFA
:1075200080F30988BFF36F8F704700BFAFF300800F
:10753000C820002008B54FF0500383F31188BFF333
:107540006F8FBFF34F8FFFF7C9F828B14FF0E023DB
:107550004FF08052C3F8042D002383F3118808BD37
:107560004FF0E022002313619361054B1B6805492E
:10757000A1FB03139B09013B536107231361704770
:1075800000000020D34D62104FF0E023D3F8002D0F
:107590003D4B9A421CD04FF0E023D3F8002D3B4BDB
:1075A0009A421ED030B583B0394B1A78D2B20192CC
:1075B000FF221A701B78DBB28DF803309DF8033080
:1075C00003F05003334A1370334B07221A601BE059
:1075D0004FF0500383F31188BFF36F8FBFF34F8FCA
:1075E000FEE74FF0500383F31188BFF36F8FBFF3B3
:1075F0004F8FFEE7284A1368013B13609DF8033064
:107600005B00DBB28DF803309DF8033013F0800F80
:10761000F0D1214B1B68032B08D04FF0500383F3AC
:107620001188BFF36F8FBFF34F8FFEE71B021A4A1B
:10763000136003F4E0631360019BDBB2144A137020
:107640004FF0E024D4F8203D43F47003C4F8203D0B
:10765000D4F8203D43F07043C4F8203DFFF780FF8D
:1076600000250E4B1D60FFF7BDFED4F8343F43F0FC
:107670004043C4F8343FFFF7A1FEFFF75DF9FFF781
:107680007DFE284603B030BD71C20F4170C20F416C
:1076900000E400E0388300203C83002068000020E4
:1076A000EFF305830F2B0FD9114A9B5CDBB2114A14
:1076B00012789A4208D94FF0500383F31188BFF330
:1076C0006F8FBFF34F8FFEE74FF0E023D3F80C3DF1
:1076D00003F4E063084A1268934208D94FF050035C
:1076E00083F31188BFF36F8FBFF34F8FFEE77047AF
:1076F000F0E300E0388300203C830020002800F005
:10770000CC8070B5044690F83D30002B77D0242310
:1077100084F83D302268136823F001031360226867
:10772000136843F4004313602268136823F4004392
:107730001360FDF7D3FD62685A4B9A4264D85A4BE6
:1077400098428CBF00230123002B40F0A8805749AA
:10775000A1FB00318B0C25686A6822F03F0242EAE7
:1077600091426A6021680A6A22F03F0266684D4DC4
:10777000AE424FD8013313430B622168CA6922F429
:107780004F4222F0FF026668464B9E424CD8431E91
:107790007600B3FBF6F3013340F6FC70034278D079
:1077A000C3F30B031343CB6121680B6823F0C003C1
:1077B000E269206A024313430B6021688B6823F45B
:1077C000034323F0FF032269E068024313438B6005
:1077D0002168CB6823F0FF036269A0690243134369
:1077E000CB602268136843F001031360002020641B
:1077F000202384F83D30206384F83E0070BD80F87B
:107800003C30F9F7D3FE82E7294B98428CBF002326
:10781000012399E74FF4967505FB03F3254DA5FB6E
:1078200003539B090133A6E7A368BBB9451E06EBCA
:10783000460CB5FBFCF50135C5F30B05B5FA85F52E
:107840006D0945BBC3B9013806EB4603B0FBF3F342
:107850000133C3F30B0343F40043A3E7451E06EBD8
:10786000860C0CEB8C0CB5FBFCF50135C5F30B0558
:10787000B5FA85F56D09E4E7013806EB860303EBFD
:107880008303B0FBF3F30133C3F30B0343F440432F
:1078900088E7042386E7012384E70120704701205D
:1078A000ACE700BFA08601007F841E0083DE1B437F
:1078B000FF083D00D34D62102DE9F04782B0054628
:1078C000884617461E46FEF705F90A9B1B1A03EB6E
:1078D0000609FEF7FFF882462B4B1B68C3F3CB3338
:1078E00009FB03F301932B689C6838EA04030CBF7F
:1078F0004FF0010C4FF0000CBC4540D0B6F1FF3FFB
:10790000F1D0FEF7E7F8A0EB0A0048450AD2B9F13A
:10791000000F07D0019A02B14A46019B013B019337
:107920009146E0E72A68536823F0E00353606B68F0
:10793000B3F5827F0BD0AB6AB3F5005F14D001239F
:1079400085F85130002385F85030032018E0AB68EB
:10795000B3F5004F02D0B3F5806FECD12A681368FD
:1079600023F040031360E6E72A68136823F400530A
:1079700013602A68136843F400531360DFE70020A4
:1079800002B0BDE8F08700BF0000002010B584B051
:107990000446164B1868164BA3FB0030400D4FF4FD
:1079A0007A7303FB00F003906368B3F5827F0BD01A
:1079B000039BBBB1039B013B039323689B6813F0BC
:1079C000800FF5D100200EE000920B4600228021AE
:1079D0002046FFF771FF30B1636D43F0200363650C
:1079E000032000E0002004B010BD00BF0000002014
:1079F000819F5E1600285AD010B50446436A33B9F9
:107A00004368B3F5827F05D00023C36102E0002301
:107A1000036143610023A36294F85130002B40D0EE
:107A2000022384F851302268136823F04003136066
:107A3000636803F48273A26802F404421343E268A9
:107A400002F400621343226902F0020213436269E6
:107A500002F001021343A26902F400721343E269C7
:107A600002F038021343226A02F080021343A26A32
:107A700002F40052216813430B60638B03F004038C
:107A8000626A02F01002216813434B602268D369D6
:107A900023F40063D36100206065012384F8513032
:107AA00010BD84F850302046FAF7DEF8B8E7012020
:107AB00070472DE9F04383B01F460A9D90F850307F
:107AC000012B00F01081044688469146012380F87E
:107AD0005030FDF7FFFF064694F85130DBB2626884
:107AE000012B0AD0B2F5827F40F0E380A268002A21
:107AF00040F0E980042B40F0E880B8F1000F00F07E
:107B0000E680B9F1000F00F0E480002F00F0E38080
:107B100094F85130DBB2042B02D0052384F85130A5
:107B200000236365C4F83890E787A787C4F83080DE
:107B3000E786A7862364636423681A6812F0400FFF
:107B400003D11A6842F040021A60E368B3F5006F8F
:107B500011D063680BB1012F0BD1226B236812780F
:107B60001A73236B01332363E38E9BB2013B9BB2F9
:107B7000E38601276BE063680BB1012F0BD1226B09
:107B800023681288DA60236B02332363E38E9BB28F
:107B9000013B9BB2E38601271CE023689A6812F040
:107BA000010F0ED0E28F92B25AB1DA68A36B1A803D
:107BB000A36B0233A363E38F9BB2013B9BB2E387CA
:107BC0000127FDF787FF801BA84203D3B5F1FF3FD4
:107BD00040F08380E38E9BB21BB9E38F9BB2002BF6
:107BE00053D023689A6812F0020FD6D0E28E92B278
:107BF000002AD2D0002FD0D0226B1288DA60236BFB
:107C000002332363E38E9BB2013B9BB2E3860027E2
:107C1000C3E723689A6812F0010F0ED0E28F92B288
:107C20005AB1DA68A36B1A70A36B0133A363E38FB5
:107C30009BB2013B9BB2E3870127FDF74BFF831B00
:107C4000AB4202D3B5F1FF3F49D1002D49D0E38EBD
:107C50009BB213B9E38F9BB2BBB123689A6812F051
:107C6000020FD6D0E28E92B2002AD2D0002FD0D00E
:107C7000226B12781A73236B01332363E38E9BB25A
:107C8000013B9BB2E3860027C3E7324629462046E4
:107C9000FFF77CFE48B9A36863B901932368DA68EB
:107CA00001929B680193019B04E0202363650120FE
:107CB00000E00220012384F85130002384F8503082
:107CC00003B0BDE8F0830220F4E70220F2E70120D0
:107CD000F0E70120EEE70120ECE70320EAE70320CC
:107CE000E8E70320E6E70220EAE7026802F10C0376
:107CF00053E8003F23F490730C3242E8003100292E
:107D0000F3D1026802F1140353E8003F23F00103AA
:107D1000143242E800310029F3D1036B012B05D066
:107D2000202380F83E30002303637047026802F18D
:107D30000C0353E8003F23F010030C3242E80031FB
:107D40000029F3D1ECE790F83D30DBB2212B01D0D4
:107D5000022070478368B3F5805F17D0036A5A1C0E
:107D600002621A7803685A60C38C9BB2013B9BB2D3
:107D7000C3844BB90268D36823F08003D3600268E0
:107D8000D36843F04003D360002070470369002BA1
:107D9000E4D1036A1B880268C3F308035360036AD3
:107DA00002330362E0E7000038B504460268136955
:107DB00023F44053C1680B43136183680269134382
:107DC00042691343C2691A430168CB6823F416431E
:107DD00023F00C031343CB600268536923F4407310
:107DE00081690B4353610368314A934206D002F51F
:107DF0008062934202D0FDF771FA01E0FDF77EFA4E
:107E0000E369B3F5004F29D00021031849411B183D
:107E100041F10001C90041EA5371DB0018186368A1
:107E20004FEA83024FEA937341F10001F8F776FEBF
:107E3000204DA5FB00325109642303FB11031B01F4
:107E40003233A5FB03235B0903F0F00202EB0112BE
:107E500003F00F03216813448B6038BD0023021820
:107E600043EB0301121841F10001C90041EA5271CC
:107E7000D200101841F10001626892185B41F8F7D6
:107E80004DFE0C4DA5FB00325109642303FB110389
:107E9000DB003233A5FB03235B095A0002F4F872BE
:107EA00002EB011203F00703216813448B60D4E74F
:107EB000001001401F85EB5158B310B5044690F8EF
:107EC0003D300BB3242384F83D302268D36823F47B
:107ED0000053D3602046FFF767FF2268136923F43D
:107EE000904313612268536923F02A035361226887
:107EF000D36843F40053D36000202064202384F827
:107F00003D3084F83E3010BD80F83C30F9F74EFC2F
:107F1000D8E701207047704708B50168CA6822F0A9
:107F20004002CA60202280F83D20FFF7F4FF0020C5
:107F300008BD7047704708B5806B0023C385C384B4
:107F4000FFF7F8FF08BD704790F83E30DBB2222BF8
:107F500067D18368B3F5805F4DD0826AB3F5805FE7
:107F600004D0002B54D10369002B51D103685B6806
:107F70001370836A01338362C38D9BB2013B9BB252
:107F8000C385002B4FD100B583B00268D36823F0BE
:107F90002003D3600268D36823F48073D36002683F
:107FA000536923F001035361202380F83E30036BB3
:107FB000012B33D100230363026802F10C0353E861
:107FC000003F23F010030C3242E800310029F3D1C6
:107FD00003681A6812F0100F06D0002201921A6886
:107FE00001925B680193019B818DFFF7ACFF00203C
:107FF00003B05DF804FB0269002AAED1826A03680F
:108000005B68C3F308031380836A02338362B3E7B8
:1080100003685B6803F07F031370AAE7FFF789FF2B
:10802000E5E70220704700207047000030B583B0BC
:10803000044602681368D068516913F00F0505D132
:1080400013F0200F02D010F0200F19D12DB111F034
:10805000010119D110F4907F16D1216B01297DD037
:1080600013F0800F03D010F0800F40F0158113F053
:10807000400F03D010F0400F40F0128103B030BD2C
:108080002046FFF761FFF9E713F0010F06D010F467
:10809000807F03D0226C42F00102226413F0040FAF
:1080A00004D019B1226C42F00202226413F0020FD4
:1080B00004D019B1226C42F00402226413F0080FBC
:1080C00007D010F0200F00D119B1226C42F0080245
:1080D0002264226C002AD1D013F0200F02D010F0BD
:1080E000200F29D123685B6903F04003226C12F052
:1080F000080F00D163B32046FFF7F7FD23685B69E3
:1081000013F0400F20D0226802F1140353E8003F1F
:1081100023F04003143242E800310029F3D1A36B6D
:1081200073B1614A1A65A06BFDF71AFB0028A5D050
:10813000A06B036D9847A1E72046FFF705FFD1E745
:108140002046FFF7F7FE99E72046FFF7F3FE95E795
:108150002046FFF7EFFE002323648FE713F0100F94
:108160003FF47EAF10F0100F3FF47AAF002301937D
:108170001368019353680193019B536913F0400FF7
:1081800050D0A26B13685B689BB2002B3FF476AFB4
:10819000A18D99427FF672AFE385D369B3F5807FF5
:1081A00037D0226802F10C0353E8003F23F48073B8
:1081B0000C3242E800310029F3D1226802F11403A5
:1081C00053E8003F23F00103143242E80031002954
:1081D000F3D1226802F1140353E8003F23F0400377
:1081E000143242E800310029F3D1202384F83E30D4
:1081F00000232363226802F10C0353E8003F23F0BD
:1082000010030C3242E800310029F3D1A06BFDF7D6
:108210005DFAA18DE38D9BB2C91A89B22046FFF7A2
:1082200092FE2BE7A18DE38D9BB2C91A89B2E38D33
:108230009BB2002B3FF422AF00293FF41FAF22680E
:1082400002F10C0353E8003F23F490730C3242E830
:1082500000300028F3D1226802F1140353E8003FF4
:1082600023F00103143242E800300028F3D1202328
:1082700084F83E3000232363226802F10C0353E8A4
:10828000003F23F010030C3242E800300028F3D105
:108290002046FFF758FEF1E62046FFF754FDEDE6D5
:1082A0002046FFF739FEE9E6377F0008002800F096
:1082B000A18038B5044690F82030D3B12268136805
:1082C00043F001031360FDF705FC054623685A6877
:1082D00012F0010F10D1FDF7FDFB401B0A28F5D964
:1082E000636A43F400336362052384F8203001207D
:1082F00038BDF9F705FCE1E71A6822F002021A60BE
:10830000FDF7E8FB054623685A6812F0020F0DD00E
:10831000FDF7E0FB401B0A28F5D9636A43F40033FC
:108320006362052384F820300120E1E7227E012AE0
:108330003DD01A6822F080021A60637E012B3BD088
:108340002268136823F040031360A37E012B39D009
:108350002268136823F020031360E37E012B37D0DB
:108360002268136843F010031360237F012B35D07C
:108370002268136823F008031360637F012B33D056
:108380002268136823F004031360A368E2681343B0
:1083900022691343626913436268013A21681343F7
:1083A000CB6100206062012384F82030A0E71A68C6
:1083B00042F080021A60C0E72268136843F040036D
:1083C0001360C2E72268136843F020031360C4E718
:1083D0002268136823F010031360C6E7226813684D
:1083E00043F008031360C8E72268136843F00403EE
:1083F0001360CAE70120704790F82030013BDBB2E0
:10840000012B05D9436A43F480234362012070475E
:1084100030B5464BD3F8002242F00102C3F80022E7
:10842000D3F8002222F47C52C3F80022D3F80022B1
:10843000486A42EA0022C3F800224A6902F01F0299
:10844000012000FA02F2D3F81C026FEA020C20EAC3
:108450000200C3F81C02CB69C3B9344BD3F80C0239
:108460000CEA0000C3F80C028C884869CD6844EA25
:108470000544483043F830408C68088840EA04409E
:108480004C6904F1480E03EBCE035860CB69012B15
:108490001ED08B69002B33D12448D0F804320CEA6B
:1084A0000303C0F804320B698BBB2048D0F81432A8
:1084B0000CEA0303C0F814320B6A012B2ED01B4ABE
:1084C000D2F8003223F00103C2F80032002030BDA0
:1084D000164BD3F80C021043C3F80C028C88486981
:1084E0000D6844EA0544483043F8304088894C69B7
:1084F0008D6840EA0540483403EBC4035860C8E780
:108500000A48D0F804321343C0F80432CBE70748D6
:10851000D0F814321343C0F81432CDE70349D1F830
:108520001C321A43C1F81C22C9E700BF0064004096
:1085300070B5044690F82050EDB2012D06D0436A84
:1085400043F4002343620125284670BD022380F8CE
:1085500020300268136823F001031360FDF7BAFAB4
:10856000064623685B6813F0010F0CD0FDF7B2FAE2
:10857000831B0A2BF5D9636A43F400336362052336
:1085800084F82030E0E700256562DDE730B590F83B
:1085900020C00468A4680CF1FF3C5FFA8CFCBCF1BD
:1085A000010F6BD814F0E05F62D0C4F3016CBCF132
:1085B000020F05D9436A43F400034362012062E0DD
:1085C000012404FA0CF41C608B68002B3DD10D686B
:1085D000CB68046843EA45550CF118031B01E550CC
:1085E00003680C690CF1180E03EB0E135C600B7D35
:1085F000012B35D0D17993791B0443EA016351797A
:1086000043EA012314790168234301EB0C11C1F8FB
:108610008C31D17893781B0443EA0163517843EAA3
:108620000123117802680B4302EB0C12C2F8883167
:1086300002680CF1180C4FEA0C1C52F80C3043F095
:10864000010342F80C3000201DE04C6843EAC403EB
:10865000CC6823430CF11804240105682B51BFE7B3
:10866000036803EB0E13596841F480715960C1E748
:10867000436A43F400134362012004E0436A43F475
:1086800080234362012030BD90F820C00CF1FF3CF4
:108690005FFA8CFCBCF1010F00F2958030B451B947
:1086A0000468E46814F0030F10D1436A43F4001324
:1086B0004362012077E00468246914F0030F05D1B8
:1086C000436A43F40013436201206CE001F11B0490
:1086D000240105682C5904F004049460002C64D132
:1086E00001F11B04240105682C59640D1460046811
:1086F00001F11B0C4FEA0C1C54F80C4004F002046E
:10870000D46004686444646804F00F04146104686D
:1087100064446468C4F3072494610468644464682E
:10872000240C5461026802EB0112D2F8B8211A70CD
:10873000026802EB0112D2F8B821C2F307225A7084
:10874000026802EB0112D2F8B821C2F307429A7014
:10875000026802EB0112D2F8B821120EDA70026838
:1087600002EB0112D2F8BC211A71026802EB01126D
:10877000D2F8BC21C2F307225A71026802EB01123F
:10878000D2F8BC21C2F307429A71026802EB0112CF
:10879000D2F8BC21120EDA7179B90268D36843F0BD
:1087A0002003D360002030BC704701F11B0424017A
:1087B00005682C59E408546099E70268136943F08E
:1087C00020031361EEE7436A43F4802343620120F0
:1087D000704790F82030013BDBB2012B05D9436A8A
:1087E00043F48023436201207047026853691943B0
:1087F000516100207047704770477047704770475D
:1088000070477047704770477047704770472DE951
:10881000F84F054603685C69D3F804809F68D3F875
:108820000CB0D3F810A0D3F8189014F001063BD088
:1088300017F0010616D001229A6017F0020F08D136
:1088400017F0040F0CD117F0080606D04FF480562D
:1088500008E0FFF7D0FF002604E0FFF7CFFF01E0BC
:108860004FF4006617F4807F0DD02B684FF48072B0
:108870009A6017F4007F40F0868017F4806F00F054
:10888000868046F4005617F4803F0DD02B684FF4D5
:1088900080329A6017F4003F40F0838017F4802FF5
:1088A00000F0838046F4004614F0080F07D01BF058
:1088B000100F04D046F400762B681022DA6014F012
:1088C000040F02D01BF0080F79D114F0020F04D06E
:1088D0002B68DB6813F0030F78D114F0400F07D03A
:1088E0001AF0100F04D046F480662B6810221A612B
:1088F00014F0200F02D01AF0080F6BD114F0100FF3
:1089000004D02B681B6913F0030F6AD114F4003FE5
:1089100002D018F0100F68D114F4803F02D018F084
:10892000080F69D114F4004F7AD018F0040F74D0F6
:1089300014F4807F04D019F0010F01D046F0010635
:1089400014F4007F04D019F0020F01D046F00206A3
:1089500014F4806F04D019F0040F01D046F004061F
:1089600014F4006F59D019F0700956D0B9F1400FC6
:1089700065D058D8B9F1200F5ED0B9F1300F42D18F
:1089800046F0200644E02846FFF736FF7BE717F461
:10899000006F02D046F4804675E72846FFF72FFFA8
:1089A00071E72846FFF729FF7EE717F4002F02D072
:1089B00046F4803678E72846FFF722FF74E72B68F5
:1089C0000822DA602846FFF71CFF7EE72846F9F701
:1089D0007BFF82E72B6808221A612846FFF713FF06
:1089E0008CE72846FFF70EFF90E72B6810225A60AD
:1089F0002846FFF709FF8FE72B6808225A602846B0
:108A0000FFF703FF8EE7B9F1100F01D146F008061A
:108A10002A68936923F0700393612B6804225A60DB
:108A20009EB9BDE8F88FB9F1500F0BD0B9F1600FC6
:108A3000EED146F48076EBE746F01006E8E746F024
:108A40004006E5E746F08006E2E76B6A1E436E6289
:108A50002846FFF7DBFEE4E7DFF834D00D480E4987
:108A60000E4A002302E0D458C4500433C4188C4288
:108A7000F9D30B4A0B4C002301E013600432A242ED
:108A8000FBD3F8F77FFB00F011F8F8F71FFA7047F7
:108A90000000022000000020D00000207095000897
:108AA000D000002040830020FEE7000070B50D4D8F
:108AB0000D4C641BA4100026A64209D10B4D0C4C92
:108AC00000F0FCFA641BA4100026A64205D170BD7C
:108AD00055F8043B98470136EEE755F8043B9847B4
:108AE0000136F2E768950008689500086895000867
:108AF0006C9500080A44914200F1FF3300D17047A1
:108B000010B511F8014B03F8014F9142F9D110BD96
:108B100002440346934200D1704703F8011BF9E772
:108B200008B52DED028BB0EE408A00F027F8B4EEC8
:108B3000488AF1EE10FAF0EE408A0AD6B0EE480A02
:108B400000F0A8FAF7EE007AB4EEE70AF1EE10FAB8
:108B500004DCB0EE680ABDEC028B08BD00F0A8FA98
:108B6000BDEC028B034621221A600248BDE8084092
:108B700000F098BA1495000800F006B938B510EE68
:108B8000105A25F00044B4F17E5F2DED048B00F007
:108B900085807ADCB4F17C5F0FDAB4F1485F80F253
:108BA0009C80DFED697A70EE277AB7EE007AF4EEFA
:108BB000C77AF1EE10FA00F38D8000F06BFAF7EE51
:108BC000007A37EEC00AB6EE008A20EE088A9FEDE2
:108BD0005F7ADFED5F6A9FED5F6A9FED5F5ADFEDC1
:108BE0005F5ADFED5F8AE8EE076A9FED5E7AA8EED6
:108BF000067A9FED5D6AA6EE885AA7EE086A9FED99
:108C00005B7ADFED5B6AE5EE085AA6EE087AE5EEE0
:108C1000886AE7EE087AE6EE888AB0EE480AB0EE97
:108C2000679A00F059F9534B9C4268EE888A42DCFF
:108C300010EE103A23F47F6323F00F0306EE903A10
:108C4000A6EEE68A70EE267A88EE895AC8EE274AA2
:108C50009FED497ADFED497AB0EE006AA4EEC67A5C
:108C600030EE000AF0EE675AE6EEC65A90EE057A4C
:108C700037EE657A37EEC77A002D0ADCBDEC048B3F
:108C8000B1EE477AB0EE470A38BD70EE407A87EE13
:108C9000A77ABDEC048BB0EE470A38BD9FED367A5B
:108CA000DFED377A20EE077ABDEC048BA0EE277A51
:108CB000B0EE470A38BD88EE896A9FED327ADFED63
:108CC000307AA0EE060AF0EE006AA0EE267A37EEC1
:108CD000C77AD1E7B0EE407ADBE760EE007A9FED2D
:108CE0001B7ADFED1B6A9FED1C6ADFED1A5A9FEDC0
:108CF0001B5AE7EE876ABDEC048BA6EEA76A9FEDD0
:108D0000197ADFED196AA7EEA57AA6EE275AE7EEE3
:108D1000276ADFED175A9FED156A9FED117AE5EE90
:108D2000275AA6EEA76AA5EEA77AF7EE006AE6EE46
:108D3000276A67EE277AB0EE407A87EEA66AA0EE41
:108D4000067AB0EE470A38BDCAF2497108EF113809
:108D5000047F4F3A2EC69D3D461124BDA80A4E3EC3
:108D6000ABAA2A3E613330BF2D57014039D119C01B
:108D700090B0A6BE9999793F2EBD3BB3DB0F493F1A
:108D8000DB0FC93F2EBD3B3310B582B0CDED010ADC
:108D9000019B23F00042B2F1FF4FF0EE407A30DC4D
:108DA00010EE100A20F00041B1F1FF4F29DCB3F1C1
:108DB0007E5F42D09C1704F0020444EAD07431B3C1
:108DC0007AB3B2F1FF4F40D0B1F1FF4F29D08A1AE8
:108DD000B2F1F45F4FEAE25134DA002B42DA3C316F
:108DE00040DA9FED340A012C4ED0022C43D064B1FE
:108DF0009FED317ADFED317A30EE070A30EE670A07
:108E000003E09DED017A37EE270A02B010BD022C77
:108E100010D09FED2B0A032C18BFB0EE670A02B0EA
:108E200010BD9FED280ADFED287A0028B8BFB0EE0C
:108E3000670AEAE79FED210AE7E702B0BDE81040C4
:108E400000F04EB89FED1F0ACDE7B1F1FF4F04F1DE
:108E5000FF3420D0022C26D81C4B03EB840494ED65
:108E6000000AD2E79DED017A87EE870A00F012F939
:108E700000F036F8B7E79FED107ADFED107A30EEAC
:108E8000070A37EEC00AC0E710EE103A03F10043BC
:108E900000EE103AB9E7022C08D80D4B03EB84041E
:108EA00094ED000AB1E79FED030AAEE79FED090AD2
:108EB000ABE700BF000000002EBDBB33DB0F494015
:108EC000DB0F49C0DB0FC93FDB0FC9BF349500087A
:108ED00028950008DB0F493FB1EEC00A704700BF7C
:108EE00038B510EE105A25F00044B4F1A14FF0EE61
:108EF000407A0BDBB4F1FF4F5BDCDFED537A9FED83
:108F0000530A002DC8BFB0EE670A38BD504B9C42D3
:108F10005EDCB4F1445F4FDB4FF0FF3367EEA76ACE
:108F2000DFED4C4ADFED4C5A9FED4C5A9FED4C4A19
:108F300026EEA67AB0EE666AE7EE245A5A1CDFEDFA
:108F4000494ADFED496AA5EE875AE7EE246ADFED6C
:108F5000475ADFED474AE6EE875AA5EE074A9FEDEE
:108F6000455ADFED456AA5EE875AE4EE074ADFED84
:108F7000435AE4EE876AE5EE075A66EE866A25EE06
:108F8000877A3AD03E4A02EB830276EE876A92ED08
:108F9000000A3C4A96EEA70A02EB8303002D93EDEC
:108FA000007A70EE677A37EE670AAEDAB1EE400A01
:108FB00038BD30EE000A38BD9FED337A30EE077AC7
:108FC000F7EE006AB4EEE67AF1EE10FAA4DD38BDF1
:108FD00000F060F82D4B9C4216DCA3F5D0039C42B8
:108FE00027DCF0EE007ABFEE007AA0EE277A0023AD
:108FF00030EE270AC7EE007A90E776EE876AE6EE53
:10900000E77AB0EE670A38BD214B9C420BDCF7EEE5
:10901000087AB7EE007AA0EE277A022330EE670ACC
:10902000C0EE077A7AE7BFEE007AC7EE007A032334
:1090300074E7F7EE007A30EE677A30EE270A012304
:10904000C7EE007A6AE700BFDB0FC93FDB0FC9BF7D
:10905000FFFFDF3ED769853C59DA4B3D356B883DD4
:109060006E2EBA3D21A215BD6BF16EBD95879DBDDB
:109070002549123E388EE3BDABAAAA3ECDCC4CBEEC
:109080005095000840950008CAF24971FFFF973FCC
:10909000FFFF1B4010EE103A23F0004300EE103AA1
:1090A000704700BF9FED010A704700BF0000C07FFE
:1090B000014B1868704700BF6C000020F8B500BF76
:1090C000F8BC08BC9E467047F8B500BFF8BC08BCA9
:0490D0009E46704701
:1090D4009C91000811390008030000000000000002
:1090E400000400000000000000000000A49100083B
:1090F4000D350008FFFF0000000000000002000022
:109104000000000000000000B0910008C138000811
:109114000200000000000000000200000000000047
:1091240000000000BC910008013A000801000000A2
:109134000000000000020000000000000000000029
:10914400C89100080D3A000800000000000000006B
:10915400000100000000000000000000D49100089D
:109164007D3F0008FEFF0000000000000001000039
:1091740000000000000000000000000000000000EB
:1091840000000000000000000102030406070809B3
:109194000000000001020304494E535461736B0044
:1091A400436861737369735461736B0044617461E0
:1091B4005461736B000000005374617475735461DF
:1091C400736B000047696D62616C5461736B0000DE
:1091D400416D6D6F5461736B000000007D04017C70
:1091E400000240AB03410005530806580407000081
:1091F4000F000810820911000A15800B16000C18C4
:10920400010D0000005EBCE2613FDD83C29C7E2054
:10921400A3FD1F419DC3217FFCA2401E5F01E3BD4E
:109224003E6082DC237D9FC1421CFEA0E1BF5D0342
:1092340080DE3C62BEE0025CDF81633D7C22C09E36
:109244001D43A1FF4618FAA427799BC584DA386622
:10925400E5BB5907DB856739BAE406581947A5FB0E
:109264007826C49A653BD987045AB8E6A7F91B4502
:10927400C6987A24F8A6441A99C7257B3A6486D8F6
:109284005B05E7B98CD2306EEDB3510F4E10F2ACE2
:109294002F7193CD114FADF3702ECC92D38D6F31CE
:1092A400B2EC0E50AFF1134DCE90722C6D33D18FC2
:1092B4000C52B0EE326C8ED0530DEFB1F0AE4C12B6
:1092C40091CF2D73CA947628ABF517490856B4EAA2
:1092D4006937D58B5709EBB536688AD495CB29778E
:1092E400F4AA4816E9B7550B88D6346A2B7597C982
:1092F4004A14F6A8742AC896154BA9F7B6E80A5476
:10930400D7896B350000891112239B322446AD574F
:109314003665BF74488CC19D5AAFD3BE6CCAE5DBB9
:109324007EE9F7F88110080193331A22A5562C47D9
:10933400B7753E64C99C408DDBBF52AEEDDA64CB99
:10934400FFF976E802218B30100299132667AF7675
:109354003444BD554AADC3BC588ED19F6EEBE7FA79
:109364007CC8F5D983310A2091121803A7772E6699
:10937400B5543C45CBBD42ACD99E508FEFFB66EA59
:10938400FDD874C904428D5316619F702004A91539
:109394003227BB364CCEC5DF5EEDD7FC6888E19939
:1093A4007AABF3BA85520C4397711E60A114280559
:1093B400B3373A26CDDE44CFDFFD56ECE998608919
:1093C400FBBB72AA06638F7214409D512225AB34F5
:1093D4003006B9174EEFC7FE5CCCD5DD6AA9E3B8F9
:1093E400788AF19B87730E6295501C41A3352A2419
:1093F400B1163807CFFF46EEDDDC54CDEBB962A8D9
:10940400F99A708B088481951AA793B62CC2A5D3B8
:109414003EE1B7F04008C919522BDB3A644EED5FC8
:10942400766DFF7C899400859BB712A6ADD224C3C8
:10943400BFF136E0C1184809D33B5A2AE55E6C4FA8
:10944400F77D7E6C0AA583B4188691972EE3A7F264
:109454003CC0B5D14229CB38500AD91B666FEF7E88
:10946400744CFD5D8BB502A499961087AFF326E288
:10947400BDD034C1C3394A28D11A580BE77F6E6E68
:10948400F55C7C4D0CC685D71EE597F42880A19128
:109494003AA3B3B2444ACD5B5669DF78600CE91D48
:1094A400722FFB3E8DD604C79FF516E4A990208148
:1094B400BBB332A2C55A4C4BD7795E68E11C680D28
:1094C400F33F7A2E0EE787F61CC495D52AA1A3B0E4
:1094D4003882B193466BCF7A5448DD59622DEB3C08
:1094E400700EF91F8FF706E69DD414C5ABB122A008
:1094F400B9923083C77B4E6AD5585C49E33D6A2CE8
:10950400F11E780F000610160006101649444C454B
:1095140000000000546D725100000000546D722070
:1095240053766300DB0F49BFE4CB1640E4CB16C08F
:1095340000000080DB0F4940DB0F49C03863ED3E7B
:10954400DA0F493F5E987B3FDA0FC93F6937AC3188
:0C95540068212233B40F14336821A233C5
:08956000EC75FF7F0100000023
:04956800B501000841
:04956C009101000861
:109570000024F400E7416B3A58A08B3A0000803F8A
:10958000FFFF6501010000008813000078ECFFFF79
:10959000100E0000F0F1FFFF2E0D0000D2F2FFFFD1
:1095A000F20D00000EF2FFFFE60F00001AF0FFFFC1
:1095B000DA11000026EEFFFFC40900003CF6FFFFB1
:1095C000B80B000048F4FFFFB80B000048F4FFFFA1
:1095D0000100000010000000AAAAAAAA7000002042
:1095E000000000000000000000000000000000007B
:1095F000000000000000000000000000000000006B
:10960000000000000000000000000000000000005A
:10961000000000000000000000000000000000004A
:10962000000000000000000000000000000000003A
:10963000000000000000000000000000000000002A
:0400000508008A590C
:00000001FF
