ARM GAS  C:\Users\cyz19\AppData\Local\Temp\ccXlZxSa.s 			page 1


   1              		.cpu cortex-m4
   2              		.arch armv7e-m
   3              		.fpu fpv4-sp-d16
   4              		.eabi_attribute 27, 1
   5              		.eabi_attribute 28, 1
   6              		.eabi_attribute 20, 1
   7              		.eabi_attribute 21, 1
   8              		.eabi_attribute 23, 3
   9              		.eabi_attribute 24, 1
  10              		.eabi_attribute 25, 1
  11              		.eabi_attribute 26, 1
  12              		.eabi_attribute 30, 1
  13              		.eabi_attribute 34, 1
  14              		.eabi_attribute 18, 4
  15              		.file	"fifo.c"
  16              		.text
  17              	.Ltext0:
  18              		.cfi_sections	.debug_frame
  19              		.section	.text.fifo_s_destroy,"ax",%progbits
  20              		.align	1
  21              		.global	fifo_s_destroy
  22              		.syntax unified
  23              		.thumb
  24              		.thumb_func
  26              	fifo_s_destroy:
  27              	.LVL0:
  28              	.LFB134:
  29              		.file 1 "Library/Src/fifo.c"
   1:Library/Src/fifo.c **** 
   2:Library/Src/fifo.c **** #include "fifo.h"
   3:Library/Src/fifo.c **** 
   4:Library/Src/fifo.c **** //******************************************************************************************
   5:Library/Src/fifo.c **** //!                     ASSERT MACRO
   6:Library/Src/fifo.c **** //******************************************************************************************
   7:Library/Src/fifo.c **** #ifndef ASSERT
   8:Library/Src/fifo.c **** 
   9:Library/Src/fifo.c **** #ifdef NDEBUG
  10:Library/Src/fifo.c **** #define ASSERT(x)
  11:Library/Src/fifo.c **** #else
  12:Library/Src/fifo.c **** #define ASSERT(x)                                     \
  13:Library/Src/fifo.c ****   do                                                  \
  14:Library/Src/fifo.c ****   {                                                   \
  15:Library/Src/fifo.c ****     if (!(x))                                         \
  16:Library/Src/fifo.c ****       printf("[assert]: %s, %d", __FILE__, __LINE__); \
  17:Library/Src/fifo.c ****     while (!(x))                                      \
  18:Library/Src/fifo.c ****       ;                                               \
  19:Library/Src/fifo.c ****   } while (0)
  20:Library/Src/fifo.c **** #endif
  21:Library/Src/fifo.c **** 
  22:Library/Src/fifo.c **** #endif // ASSERT
  23:Library/Src/fifo.c **** 
  24:Library/Src/fifo.c **** #ifdef USE_DYNAMIC_MEMORY
  25:Library/Src/fifo.c **** //******************************************************************************************
  26:Library/Src/fifo.c **** //
  27:Library/Src/fifo.c **** //! \brief  Create An New FIFO Instance(in Single Mode).
  28:Library/Src/fifo.c **** //! This function allocate enought room for N blocks fifo elements, then return the pointer
  29:Library/Src/fifo.c **** //! of FIFO.
ARM GAS  C:\Users\cyz19\AppData\Local\Temp\ccXlZxSa.s 			page 2


  30:Library/Src/fifo.c **** //!
  31:Library/Src/fifo.c **** //! \param  [in] uint_cnt is count of fifo elements.
  32:Library/Src/fifo.c **** //! \retval The Pointer of FIFO instance, return NULL is failure to allocate memory.
  33:Library/Src/fifo.c **** //!
  34:Library/Src/fifo.c **** //! \note   -# You must enable USE_MEMORY_ALLOC macro and ensure your system have <stdlib.h>
  35:Library/Src/fifo.c **** //!            Header file before use this function.
  36:Library/Src/fifo.c **** //! \note   -# Functions FIFO_Create and FIFO_Destory must be used in pairs.
  37:Library/Src/fifo.c **** //!
  38:Library/Src/fifo.c **** //******************************************************************************************
  39:Library/Src/fifo.c **** fifo_s_t *fifo_s_create(int uint_cnt)
  40:Library/Src/fifo.c **** {
  41:Library/Src/fifo.c ****   fifo_s_t *p_fifo = NULL;  //!< FIFO Pointer
  42:Library/Src/fifo.c ****   char *p_base_addr = NULL; //!< Memory Base Address
  43:Library/Src/fifo.c **** 
  44:Library/Src/fifo.c ****   //! Check input parameters.
  45:Library/Src/fifo.c ****   ASSERT(uint_cnt);
  46:Library/Src/fifo.c **** 
  47:Library/Src/fifo.c ****   //! Allocate Memory for pointer of new FIFO Control Block
  48:Library/Src/fifo.c ****   p_fifo = (fifo_s_t *)malloc(sizeof(fifo_s_t));
  49:Library/Src/fifo.c ****   if (NULL == p_fifo)
  50:Library/Src/fifo.c ****   {
  51:Library/Src/fifo.c ****     //! Allocate Failure, exit now
  52:Library/Src/fifo.c ****     return (NULL);
  53:Library/Src/fifo.c ****   }
  54:Library/Src/fifo.c ****   //! Allocate Memory for pointer of new FIFO
  55:Library/Src/fifo.c ****   p_base_addr = malloc(uint_cnt);
  56:Library/Src/fifo.c ****   if (NULL == p_base_addr)
  57:Library/Src/fifo.c ****   {
  58:Library/Src/fifo.c ****     //! Allocate Failure, exit now
  59:Library/Src/fifo.c ****     free(p_fifo);
  60:Library/Src/fifo.c ****     return (NULL);
  61:Library/Src/fifo.c ****   }
  62:Library/Src/fifo.c ****   //! Initialize General FIFO Module
  63:Library/Src/fifo.c ****   fifo_s_init(p_fifo, p_base_addr, uint_cnt);
  64:Library/Src/fifo.c **** 
  65:Library/Src/fifo.c ****   return (p_fifo);
  66:Library/Src/fifo.c **** }
  67:Library/Src/fifo.c **** 
  68:Library/Src/fifo.c **** //******************************************************************************************
  69:Library/Src/fifo.c **** //
  70:Library/Src/fifo.c **** //! \brief  Destory FIFO Instance(in Single Mode).
  71:Library/Src/fifo.c **** //!  This function release memory, then reinit the FIFO struct.
  72:Library/Src/fifo.c **** //!
  73:Library/Src/fifo.c **** //! \param  [in] p_fifo is the pointer of FIFO instance
  74:Library/Src/fifo.c **** //! \retval None.
  75:Library/Src/fifo.c **** //!
  76:Library/Src/fifo.c **** //! \note   -# You must enable USE_MEMORY_ALLOC macro and ensure your system have <stdlib.h>
  77:Library/Src/fifo.c **** //!            Header file before use this function.
  78:Library/Src/fifo.c **** //
  79:Library/Src/fifo.c **** //******************************************************************************************
  80:Library/Src/fifo.c **** void fifo_s_destroy(fifo_s_t *p_fifo)
  81:Library/Src/fifo.c **** {
  30              		.loc 1 81 1 view -0
  31              		.cfi_startproc
  32              		@ args = 0, pretend = 0, frame = 0
  33              		@ frame_needed = 0, uses_anonymous_args = 0
  34              		.loc 1 81 1 is_stmt 0 view .LVU1
ARM GAS  C:\Users\cyz19\AppData\Local\Temp\ccXlZxSa.s 			page 3


  35 0000 10B5     		push	{r4, lr}
  36              	.LCFI0:
  37              		.cfi_def_cfa_offset 8
  38              		.cfi_offset 4, -8
  39              		.cfi_offset 14, -4
  40 0002 0446     		mov	r4, r0
  82:Library/Src/fifo.c ****   //! Check input parameters.
  83:Library/Src/fifo.c ****   ASSERT(p_fifo);
  41              		.loc 1 83 17 is_stmt 1 view .LVU2
  84:Library/Src/fifo.c ****   ASSERT(p_fifo->p_start_addr);
  42              		.loc 1 84 31 view .LVU3
  85:Library/Src/fifo.c **** 
  86:Library/Src/fifo.c ****   //! Free FIFO memory
  87:Library/Src/fifo.c ****   free(p_fifo->p_start_addr);
  43              		.loc 1 87 3 view .LVU4
  44 0004 0068     		ldr	r0, [r0]
  45              	.LVL1:
  46              		.loc 1 87 3 is_stmt 0 view .LVU5
  47 0006 FFF7FEFF 		bl	free
  48              	.LVL2:
  88:Library/Src/fifo.c ****   //! Free FIFO Control Block memory
  89:Library/Src/fifo.c ****   free(p_fifo);
  49              		.loc 1 89 3 is_stmt 1 view .LVU6
  50 000a 2046     		mov	r0, r4
  51 000c FFF7FEFF 		bl	free
  52              	.LVL3:
  90:Library/Src/fifo.c **** 
  91:Library/Src/fifo.c ****   return; //!< Success
  53              		.loc 1 91 3 view .LVU7
  92:Library/Src/fifo.c **** }
  54              		.loc 1 92 1 is_stmt 0 view .LVU8
  55 0010 10BD     		pop	{r4, pc}
  56              		.loc 1 92 1 view .LVU9
  57              		.cfi_endproc
  58              	.LFE134:
  60              		.section	.text.fifo_s_init,"ax",%progbits
  61              		.align	1
  62              		.global	fifo_s_init
  63              		.syntax unified
  64              		.thumb
  65              		.thumb_func
  67              	fifo_s_init:
  68              	.LVL4:
  69              	.LFB135:
  93:Library/Src/fifo.c **** 
  94:Library/Src/fifo.c **** #endif // USE_DYNAMIC_MEMORY
  95:Library/Src/fifo.c **** 
  96:Library/Src/fifo.c **** //******************************************************************************************
  97:Library/Src/fifo.c **** //
  98:Library/Src/fifo.c **** //! \brief  Initialize an static FIFO struct(in single mode).
  99:Library/Src/fifo.c **** //!
 100:Library/Src/fifo.c **** //! \param  [in] p_fifo is the pointer of valid FIFO instance.
 101:Library/Src/fifo.c **** //! \param  [in] p_base_addr is the base address of pre-allocate memory, such as array.
 102:Library/Src/fifo.c **** //! \param  [in] uint_cnt is count of fifo elements.
 103:Library/Src/fifo.c **** //! \retval 0 if initialize successfully, otherwise return -1.
 104:Library/Src/fifo.c **** //
 105:Library/Src/fifo.c **** //******************************************************************************************
ARM GAS  C:\Users\cyz19\AppData\Local\Temp\ccXlZxSa.s 			page 4


 106:Library/Src/fifo.c **** int fifo_s_init(fifo_s_t *p_fifo, void *p_base_addr, int uint_cnt)
 107:Library/Src/fifo.c **** {
  70              		.loc 1 107 1 is_stmt 1 view -0
  71              		.cfi_startproc
  72              		@ args = 0, pretend = 0, frame = 0
  73              		@ frame_needed = 0, uses_anonymous_args = 0
  74              		@ link register save eliminated.
  75              		.loc 1 107 1 is_stmt 0 view .LVU11
  76 0000 0346     		mov	r3, r0
 108:Library/Src/fifo.c ****   //! Check input parameters.
 109:Library/Src/fifo.c ****   ASSERT(p_fifo);
  77              		.loc 1 109 17 is_stmt 1 view .LVU12
 110:Library/Src/fifo.c ****   ASSERT(p_base_addr);
  78              		.loc 1 110 22 view .LVU13
 111:Library/Src/fifo.c ****   ASSERT(uint_cnt);
  79              		.loc 1 111 19 view .LVU14
 112:Library/Src/fifo.c **** 
 113:Library/Src/fifo.c ****   //! Initialize FIFO Control Block.
 114:Library/Src/fifo.c ****   p_fifo->p_start_addr = (char *)p_base_addr;
  80              		.loc 1 114 3 view .LVU15
  81              		.loc 1 114 24 is_stmt 0 view .LVU16
  82 0002 0160     		str	r1, [r0]
 115:Library/Src/fifo.c ****   p_fifo->p_end_addr = (char *)p_base_addr + uint_cnt - 1;
  83              		.loc 1 115 3 is_stmt 1 view .LVU17
  84              		.loc 1 115 55 is_stmt 0 view .LVU18
  85 0004 501E     		subs	r0, r2, #1
  86              	.LVL5:
  87              		.loc 1 115 55 view .LVU19
  88 0006 0844     		add	r0, r0, r1
  89              		.loc 1 115 22 view .LVU20
  90 0008 5860     		str	r0, [r3, #4]
 116:Library/Src/fifo.c ****   p_fifo->free_num = uint_cnt;
  91              		.loc 1 116 3 is_stmt 1 view .LVU21
  92              		.loc 1 116 20 is_stmt 0 view .LVU22
  93 000a 9A60     		str	r2, [r3, #8]
 117:Library/Src/fifo.c ****   p_fifo->used_num = 0;
  94              		.loc 1 117 3 is_stmt 1 view .LVU23
  95              		.loc 1 117 20 is_stmt 0 view .LVU24
  96 000c 0020     		movs	r0, #0
  97 000e D860     		str	r0, [r3, #12]
 118:Library/Src/fifo.c ****   p_fifo->p_read_addr = (char *)p_base_addr;
  98              		.loc 1 118 3 is_stmt 1 view .LVU25
  99              		.loc 1 118 23 is_stmt 0 view .LVU26
 100 0010 1961     		str	r1, [r3, #16]
 119:Library/Src/fifo.c ****   p_fifo->p_write_addr = (char *)p_base_addr;
 101              		.loc 1 119 3 is_stmt 1 view .LVU27
 102              		.loc 1 119 24 is_stmt 0 view .LVU28
 103 0012 5961     		str	r1, [r3, #20]
 120:Library/Src/fifo.c **** 
 121:Library/Src/fifo.c ****   return (0);
 104              		.loc 1 121 3 is_stmt 1 view .LVU29
 122:Library/Src/fifo.c **** }
 105              		.loc 1 122 1 is_stmt 0 view .LVU30
 106 0014 7047     		bx	lr
 107              		.cfi_endproc
 108              	.LFE135:
 110              		.section	.text.fifo_s_create,"ax",%progbits
ARM GAS  C:\Users\cyz19\AppData\Local\Temp\ccXlZxSa.s 			page 5


 111              		.align	1
 112              		.global	fifo_s_create
 113              		.syntax unified
 114              		.thumb
 115              		.thumb_func
 117              	fifo_s_create:
 118              	.LVL6:
 119              	.LFB133:
  40:Library/Src/fifo.c ****   fifo_s_t *p_fifo = NULL;  //!< FIFO Pointer
 120              		.loc 1 40 1 is_stmt 1 view -0
 121              		.cfi_startproc
 122              		@ args = 0, pretend = 0, frame = 0
 123              		@ frame_needed = 0, uses_anonymous_args = 0
  40:Library/Src/fifo.c ****   fifo_s_t *p_fifo = NULL;  //!< FIFO Pointer
 124              		.loc 1 40 1 is_stmt 0 view .LVU32
 125 0000 70B5     		push	{r4, r5, r6, lr}
 126              	.LCFI1:
 127              		.cfi_def_cfa_offset 16
 128              		.cfi_offset 4, -16
 129              		.cfi_offset 5, -12
 130              		.cfi_offset 6, -8
 131              		.cfi_offset 14, -4
 132 0002 0446     		mov	r4, r0
  41:Library/Src/fifo.c ****   char *p_base_addr = NULL; //!< Memory Base Address
 133              		.loc 1 41 3 is_stmt 1 view .LVU33
 134              	.LVL7:
  42:Library/Src/fifo.c **** 
 135              		.loc 1 42 3 view .LVU34
  45:Library/Src/fifo.c **** 
 136              		.loc 1 45 19 view .LVU35
  48:Library/Src/fifo.c ****   if (NULL == p_fifo)
 137              		.loc 1 48 3 view .LVU36
  48:Library/Src/fifo.c ****   if (NULL == p_fifo)
 138              		.loc 1 48 24 is_stmt 0 view .LVU37
 139 0004 1820     		movs	r0, #24
 140              	.LVL8:
  48:Library/Src/fifo.c ****   if (NULL == p_fifo)
 141              		.loc 1 48 24 view .LVU38
 142 0006 FFF7FEFF 		bl	malloc
 143              	.LVL9:
  49:Library/Src/fifo.c ****   {
 144              		.loc 1 49 3 is_stmt 1 view .LVU39
  49:Library/Src/fifo.c ****   {
 145              		.loc 1 49 6 is_stmt 0 view .LVU40
 146 000a 0546     		mov	r5, r0
 147 000c 48B1     		cbz	r0, .L4
  55:Library/Src/fifo.c ****   if (NULL == p_base_addr)
 148              		.loc 1 55 3 is_stmt 1 view .LVU41
  55:Library/Src/fifo.c ****   if (NULL == p_base_addr)
 149              		.loc 1 55 17 is_stmt 0 view .LVU42
 150 000e 2046     		mov	r0, r4
 151              	.LVL10:
  55:Library/Src/fifo.c ****   if (NULL == p_base_addr)
 152              		.loc 1 55 17 view .LVU43
 153 0010 FFF7FEFF 		bl	malloc
 154              	.LVL11:
  56:Library/Src/fifo.c ****   {
ARM GAS  C:\Users\cyz19\AppData\Local\Temp\ccXlZxSa.s 			page 6


 155              		.loc 1 56 3 is_stmt 1 view .LVU44
  56:Library/Src/fifo.c ****   {
 156              		.loc 1 56 6 is_stmt 0 view .LVU45
 157 0014 0646     		mov	r6, r0
 158 0016 30B1     		cbz	r0, .L8
  63:Library/Src/fifo.c **** 
 159              		.loc 1 63 3 is_stmt 1 view .LVU46
 160 0018 2246     		mov	r2, r4
 161 001a 0146     		mov	r1, r0
 162 001c 2846     		mov	r0, r5
 163              	.LVL12:
  63:Library/Src/fifo.c **** 
 164              		.loc 1 63 3 is_stmt 0 view .LVU47
 165 001e FFF7FEFF 		bl	fifo_s_init
 166              	.LVL13:
  65:Library/Src/fifo.c **** }
 167              		.loc 1 65 3 is_stmt 1 view .LVU48
 168              	.L4:
  66:Library/Src/fifo.c **** 
 169              		.loc 1 66 1 is_stmt 0 view .LVU49
 170 0022 2846     		mov	r0, r5
 171 0024 70BD     		pop	{r4, r5, r6, pc}
 172              	.LVL14:
 173              	.L8:
  59:Library/Src/fifo.c ****     return (NULL);
 174              		.loc 1 59 5 is_stmt 1 view .LVU50
 175 0026 2846     		mov	r0, r5
 176              	.LVL15:
  59:Library/Src/fifo.c ****     return (NULL);
 177              		.loc 1 59 5 is_stmt 0 view .LVU51
 178 0028 FFF7FEFF 		bl	free
 179              	.LVL16:
  60:Library/Src/fifo.c ****   }
 180              		.loc 1 60 5 is_stmt 1 view .LVU52
  60:Library/Src/fifo.c ****   }
 181              		.loc 1 60 12 is_stmt 0 view .LVU53
 182 002c 3546     		mov	r5, r6
 183              	.LVL17:
  60:Library/Src/fifo.c ****   }
 184              		.loc 1 60 12 view .LVU54
 185 002e F8E7     		b	.L4
 186              		.cfi_endproc
 187              	.LFE133:
 189              		.section	.text.fifo_s_put,"ax",%progbits
 190              		.align	1
 191              		.global	fifo_s_put
 192              		.syntax unified
 193              		.thumb
 194              		.thumb_func
 196              	fifo_s_put:
 197              	.LVL18:
 198              	.LFB136:
 123:Library/Src/fifo.c **** 
 124:Library/Src/fifo.c **** //******************************************************************************************
 125:Library/Src/fifo.c **** //
 126:Library/Src/fifo.c **** //! \brief  Put an element into FIFO(in single mode).
 127:Library/Src/fifo.c **** //!
ARM GAS  C:\Users\cyz19\AppData\Local\Temp\ccXlZxSa.s 			page 7


 128:Library/Src/fifo.c **** //! \param  [in]  p_fifo is the pointer of valid FIFO.
 129:Library/Src/fifo.c **** //! \param  [in]  element is the data element you want to put
 130:Library/Src/fifo.c **** //!
 131:Library/Src/fifo.c **** //! \retval 0 if operate successfully, otherwise return -1.
 132:Library/Src/fifo.c **** //
 133:Library/Src/fifo.c **** //******************************************************************************************
 134:Library/Src/fifo.c **** int fifo_s_put(fifo_s_t *p_fifo, char element)
 135:Library/Src/fifo.c **** {
 199              		.loc 1 135 1 is_stmt 1 view -0
 200              		.cfi_startproc
 201              		@ args = 0, pretend = 0, frame = 0
 202              		@ frame_needed = 0, uses_anonymous_args = 0
 203              		@ link register save eliminated.
 136:Library/Src/fifo.c ****   FIFO_CPU_SR_TYPE cpu_sr;
 204              		.loc 1 136 3 view .LVU56
 137:Library/Src/fifo.c **** 
 138:Library/Src/fifo.c ****   //! Check input parameters.
 139:Library/Src/fifo.c ****   ASSERT(p_fifo);
 205              		.loc 1 139 17 view .LVU57
 140:Library/Src/fifo.c **** 
 141:Library/Src/fifo.c ****   //Interrupt off
 142:Library/Src/fifo.c ****   cpu_sr = FIFO_GET_CPU_SR();
 206              		.loc 1 142 3 view .LVU58
 207              	.LBB74:
 208              	.LBI74:
 209              		.file 2 "Drivers/CMSIS/Include/cmsis_gcc.h"
   1:Drivers/CMSIS/Include/cmsis_gcc.h **** /**************************************************************************//**
   2:Drivers/CMSIS/Include/cmsis_gcc.h ****  * @file     cmsis_gcc.h
   3:Drivers/CMSIS/Include/cmsis_gcc.h ****  * @brief    CMSIS compiler GCC header file
   4:Drivers/CMSIS/Include/cmsis_gcc.h ****  * @version  V5.0.4
   5:Drivers/CMSIS/Include/cmsis_gcc.h ****  * @date     09. April 2018
   6:Drivers/CMSIS/Include/cmsis_gcc.h ****  ******************************************************************************/
   7:Drivers/CMSIS/Include/cmsis_gcc.h **** /*
   8:Drivers/CMSIS/Include/cmsis_gcc.h ****  * Copyright (c) 2009-2018 Arm Limited. All rights reserved.
   9:Drivers/CMSIS/Include/cmsis_gcc.h ****  *
  10:Drivers/CMSIS/Include/cmsis_gcc.h ****  * SPDX-License-Identifier: Apache-2.0
  11:Drivers/CMSIS/Include/cmsis_gcc.h ****  *
  12:Drivers/CMSIS/Include/cmsis_gcc.h ****  * Licensed under the Apache License, Version 2.0 (the License); you may
  13:Drivers/CMSIS/Include/cmsis_gcc.h ****  * not use this file except in compliance with the License.
  14:Drivers/CMSIS/Include/cmsis_gcc.h ****  * You may obtain a copy of the License at
  15:Drivers/CMSIS/Include/cmsis_gcc.h ****  *
  16:Drivers/CMSIS/Include/cmsis_gcc.h ****  * www.apache.org/licenses/LICENSE-2.0
  17:Drivers/CMSIS/Include/cmsis_gcc.h ****  *
  18:Drivers/CMSIS/Include/cmsis_gcc.h ****  * Unless required by applicable law or agreed to in writing, software
  19:Drivers/CMSIS/Include/cmsis_gcc.h ****  * distributed under the License is distributed on an AS IS BASIS, WITHOUT
  20:Drivers/CMSIS/Include/cmsis_gcc.h ****  * WARRANTIES OR CONDITIONS OF ANY KIND, either express or implied.
  21:Drivers/CMSIS/Include/cmsis_gcc.h ****  * See the License for the specific language governing permissions and
  22:Drivers/CMSIS/Include/cmsis_gcc.h ****  * limitations under the License.
  23:Drivers/CMSIS/Include/cmsis_gcc.h ****  */
  24:Drivers/CMSIS/Include/cmsis_gcc.h **** 
  25:Drivers/CMSIS/Include/cmsis_gcc.h **** #ifndef __CMSIS_GCC_H
  26:Drivers/CMSIS/Include/cmsis_gcc.h **** #define __CMSIS_GCC_H
  27:Drivers/CMSIS/Include/cmsis_gcc.h **** 
  28:Drivers/CMSIS/Include/cmsis_gcc.h **** /* ignore some GCC warnings */
  29:Drivers/CMSIS/Include/cmsis_gcc.h **** #pragma GCC diagnostic push
  30:Drivers/CMSIS/Include/cmsis_gcc.h **** #pragma GCC diagnostic ignored "-Wsign-conversion"
  31:Drivers/CMSIS/Include/cmsis_gcc.h **** #pragma GCC diagnostic ignored "-Wconversion"
ARM GAS  C:\Users\cyz19\AppData\Local\Temp\ccXlZxSa.s 			page 8


  32:Drivers/CMSIS/Include/cmsis_gcc.h **** #pragma GCC diagnostic ignored "-Wunused-parameter"
  33:Drivers/CMSIS/Include/cmsis_gcc.h **** 
  34:Drivers/CMSIS/Include/cmsis_gcc.h **** /* Fallback for __has_builtin */
  35:Drivers/CMSIS/Include/cmsis_gcc.h **** #ifndef __has_builtin
  36:Drivers/CMSIS/Include/cmsis_gcc.h ****   #define __has_builtin(x) (0)
  37:Drivers/CMSIS/Include/cmsis_gcc.h **** #endif
  38:Drivers/CMSIS/Include/cmsis_gcc.h **** 
  39:Drivers/CMSIS/Include/cmsis_gcc.h **** /* CMSIS compiler specific defines */
  40:Drivers/CMSIS/Include/cmsis_gcc.h **** #ifndef   __ASM
  41:Drivers/CMSIS/Include/cmsis_gcc.h ****   #define __ASM                                  __asm
  42:Drivers/CMSIS/Include/cmsis_gcc.h **** #endif
  43:Drivers/CMSIS/Include/cmsis_gcc.h **** #ifndef   __INLINE
  44:Drivers/CMSIS/Include/cmsis_gcc.h ****   #define __INLINE                               inline
  45:Drivers/CMSIS/Include/cmsis_gcc.h **** #endif
  46:Drivers/CMSIS/Include/cmsis_gcc.h **** #ifndef   __STATIC_INLINE
  47:Drivers/CMSIS/Include/cmsis_gcc.h ****   #define __STATIC_INLINE                        static inline
  48:Drivers/CMSIS/Include/cmsis_gcc.h **** #endif
  49:Drivers/CMSIS/Include/cmsis_gcc.h **** #ifndef   __STATIC_FORCEINLINE                 
  50:Drivers/CMSIS/Include/cmsis_gcc.h ****   #define __STATIC_FORCEINLINE                   __attribute__((always_inline)) static inline
  51:Drivers/CMSIS/Include/cmsis_gcc.h **** #endif                                           
  52:Drivers/CMSIS/Include/cmsis_gcc.h **** #ifndef   __NO_RETURN
  53:Drivers/CMSIS/Include/cmsis_gcc.h ****   #define __NO_RETURN                            __attribute__((__noreturn__))
  54:Drivers/CMSIS/Include/cmsis_gcc.h **** #endif
  55:Drivers/CMSIS/Include/cmsis_gcc.h **** #ifndef   __USED
  56:Drivers/CMSIS/Include/cmsis_gcc.h ****   #define __USED                                 __attribute__((used))
  57:Drivers/CMSIS/Include/cmsis_gcc.h **** #endif
  58:Drivers/CMSIS/Include/cmsis_gcc.h **** #ifndef   __WEAK
  59:Drivers/CMSIS/Include/cmsis_gcc.h ****   #define __WEAK                                 __attribute__((weak))
  60:Drivers/CMSIS/Include/cmsis_gcc.h **** #endif
  61:Drivers/CMSIS/Include/cmsis_gcc.h **** #ifndef   __PACKED
  62:Drivers/CMSIS/Include/cmsis_gcc.h ****   #define __PACKED                               __attribute__((packed, aligned(1)))
  63:Drivers/CMSIS/Include/cmsis_gcc.h **** #endif
  64:Drivers/CMSIS/Include/cmsis_gcc.h **** #ifndef   __PACKED_STRUCT
  65:Drivers/CMSIS/Include/cmsis_gcc.h ****   #define __PACKED_STRUCT                        struct __attribute__((packed, aligned(1)))
  66:Drivers/CMSIS/Include/cmsis_gcc.h **** #endif
  67:Drivers/CMSIS/Include/cmsis_gcc.h **** #ifndef   __PACKED_UNION
  68:Drivers/CMSIS/Include/cmsis_gcc.h ****   #define __PACKED_UNION                         union __attribute__((packed, aligned(1)))
  69:Drivers/CMSIS/Include/cmsis_gcc.h **** #endif
  70:Drivers/CMSIS/Include/cmsis_gcc.h **** #ifndef   __UNALIGNED_UINT32        /* deprecated */
  71:Drivers/CMSIS/Include/cmsis_gcc.h ****   #pragma GCC diagnostic push
  72:Drivers/CMSIS/Include/cmsis_gcc.h ****   #pragma GCC diagnostic ignored "-Wpacked"
  73:Drivers/CMSIS/Include/cmsis_gcc.h ****   #pragma GCC diagnostic ignored "-Wattributes"
  74:Drivers/CMSIS/Include/cmsis_gcc.h ****   struct __attribute__((packed)) T_UINT32 { uint32_t v; };
  75:Drivers/CMSIS/Include/cmsis_gcc.h ****   #pragma GCC diagnostic pop
  76:Drivers/CMSIS/Include/cmsis_gcc.h ****   #define __UNALIGNED_UINT32(x)                  (((struct T_UINT32 *)(x))->v)
  77:Drivers/CMSIS/Include/cmsis_gcc.h **** #endif
  78:Drivers/CMSIS/Include/cmsis_gcc.h **** #ifndef   __UNALIGNED_UINT16_WRITE
  79:Drivers/CMSIS/Include/cmsis_gcc.h ****   #pragma GCC diagnostic push
  80:Drivers/CMSIS/Include/cmsis_gcc.h ****   #pragma GCC diagnostic ignored "-Wpacked"
  81:Drivers/CMSIS/Include/cmsis_gcc.h ****   #pragma GCC diagnostic ignored "-Wattributes"
  82:Drivers/CMSIS/Include/cmsis_gcc.h ****   __PACKED_STRUCT T_UINT16_WRITE { uint16_t v; };
  83:Drivers/CMSIS/Include/cmsis_gcc.h ****   #pragma GCC diagnostic pop
  84:Drivers/CMSIS/Include/cmsis_gcc.h ****   #define __UNALIGNED_UINT16_WRITE(addr, val)    (void)((((struct T_UINT16_WRITE *)(void *)(addr))-
  85:Drivers/CMSIS/Include/cmsis_gcc.h **** #endif
  86:Drivers/CMSIS/Include/cmsis_gcc.h **** #ifndef   __UNALIGNED_UINT16_READ
  87:Drivers/CMSIS/Include/cmsis_gcc.h ****   #pragma GCC diagnostic push
  88:Drivers/CMSIS/Include/cmsis_gcc.h ****   #pragma GCC diagnostic ignored "-Wpacked"
ARM GAS  C:\Users\cyz19\AppData\Local\Temp\ccXlZxSa.s 			page 9


  89:Drivers/CMSIS/Include/cmsis_gcc.h ****   #pragma GCC diagnostic ignored "-Wattributes"
  90:Drivers/CMSIS/Include/cmsis_gcc.h ****   __PACKED_STRUCT T_UINT16_READ { uint16_t v; };
  91:Drivers/CMSIS/Include/cmsis_gcc.h ****   #pragma GCC diagnostic pop
  92:Drivers/CMSIS/Include/cmsis_gcc.h ****   #define __UNALIGNED_UINT16_READ(addr)          (((const struct T_UINT16_READ *)(const void *)(add
  93:Drivers/CMSIS/Include/cmsis_gcc.h **** #endif
  94:Drivers/CMSIS/Include/cmsis_gcc.h **** #ifndef   __UNALIGNED_UINT32_WRITE
  95:Drivers/CMSIS/Include/cmsis_gcc.h ****   #pragma GCC diagnostic push
  96:Drivers/CMSIS/Include/cmsis_gcc.h ****   #pragma GCC diagnostic ignored "-Wpacked"
  97:Drivers/CMSIS/Include/cmsis_gcc.h ****   #pragma GCC diagnostic ignored "-Wattributes"
  98:Drivers/CMSIS/Include/cmsis_gcc.h ****   __PACKED_STRUCT T_UINT32_WRITE { uint32_t v; };
  99:Drivers/CMSIS/Include/cmsis_gcc.h ****   #pragma GCC diagnostic pop
 100:Drivers/CMSIS/Include/cmsis_gcc.h ****   #define __UNALIGNED_UINT32_WRITE(addr, val)    (void)((((struct T_UINT32_WRITE *)(void *)(addr))-
 101:Drivers/CMSIS/Include/cmsis_gcc.h **** #endif
 102:Drivers/CMSIS/Include/cmsis_gcc.h **** #ifndef   __UNALIGNED_UINT32_READ
 103:Drivers/CMSIS/Include/cmsis_gcc.h ****   #pragma GCC diagnostic push
 104:Drivers/CMSIS/Include/cmsis_gcc.h ****   #pragma GCC diagnostic ignored "-Wpacked"
 105:Drivers/CMSIS/Include/cmsis_gcc.h ****   #pragma GCC diagnostic ignored "-Wattributes"
 106:Drivers/CMSIS/Include/cmsis_gcc.h ****   __PACKED_STRUCT T_UINT32_READ { uint32_t v; };
 107:Drivers/CMSIS/Include/cmsis_gcc.h ****   #pragma GCC diagnostic pop
 108:Drivers/CMSIS/Include/cmsis_gcc.h ****   #define __UNALIGNED_UINT32_READ(addr)          (((const struct T_UINT32_READ *)(const void *)(add
 109:Drivers/CMSIS/Include/cmsis_gcc.h **** #endif
 110:Drivers/CMSIS/Include/cmsis_gcc.h **** #ifndef   __ALIGNED
 111:Drivers/CMSIS/Include/cmsis_gcc.h ****   #define __ALIGNED(x)                           __attribute__((aligned(x)))
 112:Drivers/CMSIS/Include/cmsis_gcc.h **** #endif
 113:Drivers/CMSIS/Include/cmsis_gcc.h **** #ifndef   __RESTRICT
 114:Drivers/CMSIS/Include/cmsis_gcc.h ****   #define __RESTRICT                             __restrict
 115:Drivers/CMSIS/Include/cmsis_gcc.h **** #endif
 116:Drivers/CMSIS/Include/cmsis_gcc.h **** 
 117:Drivers/CMSIS/Include/cmsis_gcc.h **** 
 118:Drivers/CMSIS/Include/cmsis_gcc.h **** /* ###########################  Core Function Access  ########################### */
 119:Drivers/CMSIS/Include/cmsis_gcc.h **** /** \ingroup  CMSIS_Core_FunctionInterface
 120:Drivers/CMSIS/Include/cmsis_gcc.h ****     \defgroup CMSIS_Core_RegAccFunctions CMSIS Core Register Access Functions
 121:Drivers/CMSIS/Include/cmsis_gcc.h ****   @{
 122:Drivers/CMSIS/Include/cmsis_gcc.h ****  */
 123:Drivers/CMSIS/Include/cmsis_gcc.h **** 
 124:Drivers/CMSIS/Include/cmsis_gcc.h **** /**
 125:Drivers/CMSIS/Include/cmsis_gcc.h ****   \brief   Enable IRQ Interrupts
 126:Drivers/CMSIS/Include/cmsis_gcc.h ****   \details Enables IRQ interrupts by clearing the I-bit in the CPSR.
 127:Drivers/CMSIS/Include/cmsis_gcc.h ****            Can only be executed in Privileged modes.
 128:Drivers/CMSIS/Include/cmsis_gcc.h ****  */
 129:Drivers/CMSIS/Include/cmsis_gcc.h **** __STATIC_FORCEINLINE void __enable_irq(void)
 130:Drivers/CMSIS/Include/cmsis_gcc.h **** {
 131:Drivers/CMSIS/Include/cmsis_gcc.h ****   __ASM volatile ("cpsie i" : : : "memory");
 132:Drivers/CMSIS/Include/cmsis_gcc.h **** }
 133:Drivers/CMSIS/Include/cmsis_gcc.h **** 
 134:Drivers/CMSIS/Include/cmsis_gcc.h **** 
 135:Drivers/CMSIS/Include/cmsis_gcc.h **** /**
 136:Drivers/CMSIS/Include/cmsis_gcc.h ****   \brief   Disable IRQ Interrupts
 137:Drivers/CMSIS/Include/cmsis_gcc.h ****   \details Disables IRQ interrupts by setting the I-bit in the CPSR.
 138:Drivers/CMSIS/Include/cmsis_gcc.h ****            Can only be executed in Privileged modes.
 139:Drivers/CMSIS/Include/cmsis_gcc.h ****  */
 140:Drivers/CMSIS/Include/cmsis_gcc.h **** __STATIC_FORCEINLINE void __disable_irq(void)
 141:Drivers/CMSIS/Include/cmsis_gcc.h **** {
 142:Drivers/CMSIS/Include/cmsis_gcc.h ****   __ASM volatile ("cpsid i" : : : "memory");
 143:Drivers/CMSIS/Include/cmsis_gcc.h **** }
 144:Drivers/CMSIS/Include/cmsis_gcc.h **** 
 145:Drivers/CMSIS/Include/cmsis_gcc.h **** 
ARM GAS  C:\Users\cyz19\AppData\Local\Temp\ccXlZxSa.s 			page 10


 146:Drivers/CMSIS/Include/cmsis_gcc.h **** /**
 147:Drivers/CMSIS/Include/cmsis_gcc.h ****   \brief   Get Control Register
 148:Drivers/CMSIS/Include/cmsis_gcc.h ****   \details Returns the content of the Control Register.
 149:Drivers/CMSIS/Include/cmsis_gcc.h ****   \return               Control Register value
 150:Drivers/CMSIS/Include/cmsis_gcc.h ****  */
 151:Drivers/CMSIS/Include/cmsis_gcc.h **** __STATIC_FORCEINLINE uint32_t __get_CONTROL(void)
 152:Drivers/CMSIS/Include/cmsis_gcc.h **** {
 153:Drivers/CMSIS/Include/cmsis_gcc.h ****   uint32_t result;
 154:Drivers/CMSIS/Include/cmsis_gcc.h **** 
 155:Drivers/CMSIS/Include/cmsis_gcc.h ****   __ASM volatile ("MRS %0, control" : "=r" (result) );
 156:Drivers/CMSIS/Include/cmsis_gcc.h ****   return(result);
 157:Drivers/CMSIS/Include/cmsis_gcc.h **** }
 158:Drivers/CMSIS/Include/cmsis_gcc.h **** 
 159:Drivers/CMSIS/Include/cmsis_gcc.h **** 
 160:Drivers/CMSIS/Include/cmsis_gcc.h **** #if (defined (__ARM_FEATURE_CMSE ) && (__ARM_FEATURE_CMSE == 3))
 161:Drivers/CMSIS/Include/cmsis_gcc.h **** /**
 162:Drivers/CMSIS/Include/cmsis_gcc.h ****   \brief   Get Control Register (non-secure)
 163:Drivers/CMSIS/Include/cmsis_gcc.h ****   \details Returns the content of the non-secure Control Register when in secure mode.
 164:Drivers/CMSIS/Include/cmsis_gcc.h ****   \return               non-secure Control Register value
 165:Drivers/CMSIS/Include/cmsis_gcc.h ****  */
 166:Drivers/CMSIS/Include/cmsis_gcc.h **** __STATIC_FORCEINLINE uint32_t __TZ_get_CONTROL_NS(void)
 167:Drivers/CMSIS/Include/cmsis_gcc.h **** {
 168:Drivers/CMSIS/Include/cmsis_gcc.h ****   uint32_t result;
 169:Drivers/CMSIS/Include/cmsis_gcc.h **** 
 170:Drivers/CMSIS/Include/cmsis_gcc.h ****   __ASM volatile ("MRS %0, control_ns" : "=r" (result) );
 171:Drivers/CMSIS/Include/cmsis_gcc.h ****   return(result);
 172:Drivers/CMSIS/Include/cmsis_gcc.h **** }
 173:Drivers/CMSIS/Include/cmsis_gcc.h **** #endif
 174:Drivers/CMSIS/Include/cmsis_gcc.h **** 
 175:Drivers/CMSIS/Include/cmsis_gcc.h **** 
 176:Drivers/CMSIS/Include/cmsis_gcc.h **** /**
 177:Drivers/CMSIS/Include/cmsis_gcc.h ****   \brief   Set Control Register
 178:Drivers/CMSIS/Include/cmsis_gcc.h ****   \details Writes the given value to the Control Register.
 179:Drivers/CMSIS/Include/cmsis_gcc.h ****   \param [in]    control  Control Register value to set
 180:Drivers/CMSIS/Include/cmsis_gcc.h ****  */
 181:Drivers/CMSIS/Include/cmsis_gcc.h **** __STATIC_FORCEINLINE void __set_CONTROL(uint32_t control)
 182:Drivers/CMSIS/Include/cmsis_gcc.h **** {
 183:Drivers/CMSIS/Include/cmsis_gcc.h ****   __ASM volatile ("MSR control, %0" : : "r" (control) : "memory");
 184:Drivers/CMSIS/Include/cmsis_gcc.h **** }
 185:Drivers/CMSIS/Include/cmsis_gcc.h **** 
 186:Drivers/CMSIS/Include/cmsis_gcc.h **** 
 187:Drivers/CMSIS/Include/cmsis_gcc.h **** #if (defined (__ARM_FEATURE_CMSE ) && (__ARM_FEATURE_CMSE == 3))
 188:Drivers/CMSIS/Include/cmsis_gcc.h **** /**
 189:Drivers/CMSIS/Include/cmsis_gcc.h ****   \brief   Set Control Register (non-secure)
 190:Drivers/CMSIS/Include/cmsis_gcc.h ****   \details Writes the given value to the non-secure Control Register when in secure state.
 191:Drivers/CMSIS/Include/cmsis_gcc.h ****   \param [in]    control  Control Register value to set
 192:Drivers/CMSIS/Include/cmsis_gcc.h ****  */
 193:Drivers/CMSIS/Include/cmsis_gcc.h **** __STATIC_FORCEINLINE void __TZ_set_CONTROL_NS(uint32_t control)
 194:Drivers/CMSIS/Include/cmsis_gcc.h **** {
 195:Drivers/CMSIS/Include/cmsis_gcc.h ****   __ASM volatile ("MSR control_ns, %0" : : "r" (control) : "memory");
 196:Drivers/CMSIS/Include/cmsis_gcc.h **** }
 197:Drivers/CMSIS/Include/cmsis_gcc.h **** #endif
 198:Drivers/CMSIS/Include/cmsis_gcc.h **** 
 199:Drivers/CMSIS/Include/cmsis_gcc.h **** 
 200:Drivers/CMSIS/Include/cmsis_gcc.h **** /**
 201:Drivers/CMSIS/Include/cmsis_gcc.h ****   \brief   Get IPSR Register
 202:Drivers/CMSIS/Include/cmsis_gcc.h ****   \details Returns the content of the IPSR Register.
ARM GAS  C:\Users\cyz19\AppData\Local\Temp\ccXlZxSa.s 			page 11


 203:Drivers/CMSIS/Include/cmsis_gcc.h ****   \return               IPSR Register value
 204:Drivers/CMSIS/Include/cmsis_gcc.h ****  */
 205:Drivers/CMSIS/Include/cmsis_gcc.h **** __STATIC_FORCEINLINE uint32_t __get_IPSR(void)
 206:Drivers/CMSIS/Include/cmsis_gcc.h **** {
 207:Drivers/CMSIS/Include/cmsis_gcc.h ****   uint32_t result;
 208:Drivers/CMSIS/Include/cmsis_gcc.h **** 
 209:Drivers/CMSIS/Include/cmsis_gcc.h ****   __ASM volatile ("MRS %0, ipsr" : "=r" (result) );
 210:Drivers/CMSIS/Include/cmsis_gcc.h ****   return(result);
 211:Drivers/CMSIS/Include/cmsis_gcc.h **** }
 212:Drivers/CMSIS/Include/cmsis_gcc.h **** 
 213:Drivers/CMSIS/Include/cmsis_gcc.h **** 
 214:Drivers/CMSIS/Include/cmsis_gcc.h **** /**
 215:Drivers/CMSIS/Include/cmsis_gcc.h ****   \brief   Get APSR Register
 216:Drivers/CMSIS/Include/cmsis_gcc.h ****   \details Returns the content of the APSR Register.
 217:Drivers/CMSIS/Include/cmsis_gcc.h ****   \return               APSR Register value
 218:Drivers/CMSIS/Include/cmsis_gcc.h ****  */
 219:Drivers/CMSIS/Include/cmsis_gcc.h **** __STATIC_FORCEINLINE uint32_t __get_APSR(void)
 220:Drivers/CMSIS/Include/cmsis_gcc.h **** {
 221:Drivers/CMSIS/Include/cmsis_gcc.h ****   uint32_t result;
 222:Drivers/CMSIS/Include/cmsis_gcc.h **** 
 223:Drivers/CMSIS/Include/cmsis_gcc.h ****   __ASM volatile ("MRS %0, apsr" : "=r" (result) );
 224:Drivers/CMSIS/Include/cmsis_gcc.h ****   return(result);
 225:Drivers/CMSIS/Include/cmsis_gcc.h **** }
 226:Drivers/CMSIS/Include/cmsis_gcc.h **** 
 227:Drivers/CMSIS/Include/cmsis_gcc.h **** 
 228:Drivers/CMSIS/Include/cmsis_gcc.h **** /**
 229:Drivers/CMSIS/Include/cmsis_gcc.h ****   \brief   Get xPSR Register
 230:Drivers/CMSIS/Include/cmsis_gcc.h ****   \details Returns the content of the xPSR Register.
 231:Drivers/CMSIS/Include/cmsis_gcc.h ****   \return               xPSR Register value
 232:Drivers/CMSIS/Include/cmsis_gcc.h ****  */
 233:Drivers/CMSIS/Include/cmsis_gcc.h **** __STATIC_FORCEINLINE uint32_t __get_xPSR(void)
 234:Drivers/CMSIS/Include/cmsis_gcc.h **** {
 235:Drivers/CMSIS/Include/cmsis_gcc.h ****   uint32_t result;
 236:Drivers/CMSIS/Include/cmsis_gcc.h **** 
 237:Drivers/CMSIS/Include/cmsis_gcc.h ****   __ASM volatile ("MRS %0, xpsr" : "=r" (result) );
 238:Drivers/CMSIS/Include/cmsis_gcc.h ****   return(result);
 239:Drivers/CMSIS/Include/cmsis_gcc.h **** }
 240:Drivers/CMSIS/Include/cmsis_gcc.h **** 
 241:Drivers/CMSIS/Include/cmsis_gcc.h **** 
 242:Drivers/CMSIS/Include/cmsis_gcc.h **** /**
 243:Drivers/CMSIS/Include/cmsis_gcc.h ****   \brief   Get Process Stack Pointer
 244:Drivers/CMSIS/Include/cmsis_gcc.h ****   \details Returns the current value of the Process Stack Pointer (PSP).
 245:Drivers/CMSIS/Include/cmsis_gcc.h ****   \return               PSP Register value
 246:Drivers/CMSIS/Include/cmsis_gcc.h ****  */
 247:Drivers/CMSIS/Include/cmsis_gcc.h **** __STATIC_FORCEINLINE uint32_t __get_PSP(void)
 248:Drivers/CMSIS/Include/cmsis_gcc.h **** {
 249:Drivers/CMSIS/Include/cmsis_gcc.h ****   uint32_t result;
 250:Drivers/CMSIS/Include/cmsis_gcc.h **** 
 251:Drivers/CMSIS/Include/cmsis_gcc.h ****   __ASM volatile ("MRS %0, psp"  : "=r" (result) );
 252:Drivers/CMSIS/Include/cmsis_gcc.h ****   return(result);
 253:Drivers/CMSIS/Include/cmsis_gcc.h **** }
 254:Drivers/CMSIS/Include/cmsis_gcc.h **** 
 255:Drivers/CMSIS/Include/cmsis_gcc.h **** 
 256:Drivers/CMSIS/Include/cmsis_gcc.h **** #if (defined (__ARM_FEATURE_CMSE ) && (__ARM_FEATURE_CMSE == 3))
 257:Drivers/CMSIS/Include/cmsis_gcc.h **** /**
 258:Drivers/CMSIS/Include/cmsis_gcc.h ****   \brief   Get Process Stack Pointer (non-secure)
 259:Drivers/CMSIS/Include/cmsis_gcc.h ****   \details Returns the current value of the non-secure Process Stack Pointer (PSP) when in secure s
ARM GAS  C:\Users\cyz19\AppData\Local\Temp\ccXlZxSa.s 			page 12


 260:Drivers/CMSIS/Include/cmsis_gcc.h ****   \return               PSP Register value
 261:Drivers/CMSIS/Include/cmsis_gcc.h ****  */
 262:Drivers/CMSIS/Include/cmsis_gcc.h **** __STATIC_FORCEINLINE uint32_t __TZ_get_PSP_NS(void)
 263:Drivers/CMSIS/Include/cmsis_gcc.h **** {
 264:Drivers/CMSIS/Include/cmsis_gcc.h ****   uint32_t result;
 265:Drivers/CMSIS/Include/cmsis_gcc.h **** 
 266:Drivers/CMSIS/Include/cmsis_gcc.h ****   __ASM volatile ("MRS %0, psp_ns"  : "=r" (result) );
 267:Drivers/CMSIS/Include/cmsis_gcc.h ****   return(result);
 268:Drivers/CMSIS/Include/cmsis_gcc.h **** }
 269:Drivers/CMSIS/Include/cmsis_gcc.h **** #endif
 270:Drivers/CMSIS/Include/cmsis_gcc.h **** 
 271:Drivers/CMSIS/Include/cmsis_gcc.h **** 
 272:Drivers/CMSIS/Include/cmsis_gcc.h **** /**
 273:Drivers/CMSIS/Include/cmsis_gcc.h ****   \brief   Set Process Stack Pointer
 274:Drivers/CMSIS/Include/cmsis_gcc.h ****   \details Assigns the given value to the Process Stack Pointer (PSP).
 275:Drivers/CMSIS/Include/cmsis_gcc.h ****   \param [in]    topOfProcStack  Process Stack Pointer value to set
 276:Drivers/CMSIS/Include/cmsis_gcc.h ****  */
 277:Drivers/CMSIS/Include/cmsis_gcc.h **** __STATIC_FORCEINLINE void __set_PSP(uint32_t topOfProcStack)
 278:Drivers/CMSIS/Include/cmsis_gcc.h **** {
 279:Drivers/CMSIS/Include/cmsis_gcc.h ****   __ASM volatile ("MSR psp, %0" : : "r" (topOfProcStack) : );
 280:Drivers/CMSIS/Include/cmsis_gcc.h **** }
 281:Drivers/CMSIS/Include/cmsis_gcc.h **** 
 282:Drivers/CMSIS/Include/cmsis_gcc.h **** 
 283:Drivers/CMSIS/Include/cmsis_gcc.h **** #if (defined (__ARM_FEATURE_CMSE ) && (__ARM_FEATURE_CMSE == 3))
 284:Drivers/CMSIS/Include/cmsis_gcc.h **** /**
 285:Drivers/CMSIS/Include/cmsis_gcc.h ****   \brief   Set Process Stack Pointer (non-secure)
 286:Drivers/CMSIS/Include/cmsis_gcc.h ****   \details Assigns the given value to the non-secure Process Stack Pointer (PSP) when in secure sta
 287:Drivers/CMSIS/Include/cmsis_gcc.h ****   \param [in]    topOfProcStack  Process Stack Pointer value to set
 288:Drivers/CMSIS/Include/cmsis_gcc.h ****  */
 289:Drivers/CMSIS/Include/cmsis_gcc.h **** __STATIC_FORCEINLINE void __TZ_set_PSP_NS(uint32_t topOfProcStack)
 290:Drivers/CMSIS/Include/cmsis_gcc.h **** {
 291:Drivers/CMSIS/Include/cmsis_gcc.h ****   __ASM volatile ("MSR psp_ns, %0" : : "r" (topOfProcStack) : );
 292:Drivers/CMSIS/Include/cmsis_gcc.h **** }
 293:Drivers/CMSIS/Include/cmsis_gcc.h **** #endif
 294:Drivers/CMSIS/Include/cmsis_gcc.h **** 
 295:Drivers/CMSIS/Include/cmsis_gcc.h **** 
 296:Drivers/CMSIS/Include/cmsis_gcc.h **** /**
 297:Drivers/CMSIS/Include/cmsis_gcc.h ****   \brief   Get Main Stack Pointer
 298:Drivers/CMSIS/Include/cmsis_gcc.h ****   \details Returns the current value of the Main Stack Pointer (MSP).
 299:Drivers/CMSIS/Include/cmsis_gcc.h ****   \return               MSP Register value
 300:Drivers/CMSIS/Include/cmsis_gcc.h ****  */
 301:Drivers/CMSIS/Include/cmsis_gcc.h **** __STATIC_FORCEINLINE uint32_t __get_MSP(void)
 302:Drivers/CMSIS/Include/cmsis_gcc.h **** {
 303:Drivers/CMSIS/Include/cmsis_gcc.h ****   uint32_t result;
 304:Drivers/CMSIS/Include/cmsis_gcc.h **** 
 305:Drivers/CMSIS/Include/cmsis_gcc.h ****   __ASM volatile ("MRS %0, msp" : "=r" (result) );
 306:Drivers/CMSIS/Include/cmsis_gcc.h ****   return(result);
 307:Drivers/CMSIS/Include/cmsis_gcc.h **** }
 308:Drivers/CMSIS/Include/cmsis_gcc.h **** 
 309:Drivers/CMSIS/Include/cmsis_gcc.h **** 
 310:Drivers/CMSIS/Include/cmsis_gcc.h **** #if (defined (__ARM_FEATURE_CMSE ) && (__ARM_FEATURE_CMSE == 3))
 311:Drivers/CMSIS/Include/cmsis_gcc.h **** /**
 312:Drivers/CMSIS/Include/cmsis_gcc.h ****   \brief   Get Main Stack Pointer (non-secure)
 313:Drivers/CMSIS/Include/cmsis_gcc.h ****   \details Returns the current value of the non-secure Main Stack Pointer (MSP) when in secure stat
 314:Drivers/CMSIS/Include/cmsis_gcc.h ****   \return               MSP Register value
 315:Drivers/CMSIS/Include/cmsis_gcc.h ****  */
 316:Drivers/CMSIS/Include/cmsis_gcc.h **** __STATIC_FORCEINLINE uint32_t __TZ_get_MSP_NS(void)
ARM GAS  C:\Users\cyz19\AppData\Local\Temp\ccXlZxSa.s 			page 13


 317:Drivers/CMSIS/Include/cmsis_gcc.h **** {
 318:Drivers/CMSIS/Include/cmsis_gcc.h ****   uint32_t result;
 319:Drivers/CMSIS/Include/cmsis_gcc.h **** 
 320:Drivers/CMSIS/Include/cmsis_gcc.h ****   __ASM volatile ("MRS %0, msp_ns" : "=r" (result) );
 321:Drivers/CMSIS/Include/cmsis_gcc.h ****   return(result);
 322:Drivers/CMSIS/Include/cmsis_gcc.h **** }
 323:Drivers/CMSIS/Include/cmsis_gcc.h **** #endif
 324:Drivers/CMSIS/Include/cmsis_gcc.h **** 
 325:Drivers/CMSIS/Include/cmsis_gcc.h **** 
 326:Drivers/CMSIS/Include/cmsis_gcc.h **** /**
 327:Drivers/CMSIS/Include/cmsis_gcc.h ****   \brief   Set Main Stack Pointer
 328:Drivers/CMSIS/Include/cmsis_gcc.h ****   \details Assigns the given value to the Main Stack Pointer (MSP).
 329:Drivers/CMSIS/Include/cmsis_gcc.h ****   \param [in]    topOfMainStack  Main Stack Pointer value to set
 330:Drivers/CMSIS/Include/cmsis_gcc.h ****  */
 331:Drivers/CMSIS/Include/cmsis_gcc.h **** __STATIC_FORCEINLINE void __set_MSP(uint32_t topOfMainStack)
 332:Drivers/CMSIS/Include/cmsis_gcc.h **** {
 333:Drivers/CMSIS/Include/cmsis_gcc.h ****   __ASM volatile ("MSR msp, %0" : : "r" (topOfMainStack) : );
 334:Drivers/CMSIS/Include/cmsis_gcc.h **** }
 335:Drivers/CMSIS/Include/cmsis_gcc.h **** 
 336:Drivers/CMSIS/Include/cmsis_gcc.h **** 
 337:Drivers/CMSIS/Include/cmsis_gcc.h **** #if (defined (__ARM_FEATURE_CMSE ) && (__ARM_FEATURE_CMSE == 3))
 338:Drivers/CMSIS/Include/cmsis_gcc.h **** /**
 339:Drivers/CMSIS/Include/cmsis_gcc.h ****   \brief   Set Main Stack Pointer (non-secure)
 340:Drivers/CMSIS/Include/cmsis_gcc.h ****   \details Assigns the given value to the non-secure Main Stack Pointer (MSP) when in secure state.
 341:Drivers/CMSIS/Include/cmsis_gcc.h ****   \param [in]    topOfMainStack  Main Stack Pointer value to set
 342:Drivers/CMSIS/Include/cmsis_gcc.h ****  */
 343:Drivers/CMSIS/Include/cmsis_gcc.h **** __STATIC_FORCEINLINE void __TZ_set_MSP_NS(uint32_t topOfMainStack)
 344:Drivers/CMSIS/Include/cmsis_gcc.h **** {
 345:Drivers/CMSIS/Include/cmsis_gcc.h ****   __ASM volatile ("MSR msp_ns, %0" : : "r" (topOfMainStack) : );
 346:Drivers/CMSIS/Include/cmsis_gcc.h **** }
 347:Drivers/CMSIS/Include/cmsis_gcc.h **** #endif
 348:Drivers/CMSIS/Include/cmsis_gcc.h **** 
 349:Drivers/CMSIS/Include/cmsis_gcc.h **** 
 350:Drivers/CMSIS/Include/cmsis_gcc.h **** #if (defined (__ARM_FEATURE_CMSE ) && (__ARM_FEATURE_CMSE == 3))
 351:Drivers/CMSIS/Include/cmsis_gcc.h **** /**
 352:Drivers/CMSIS/Include/cmsis_gcc.h ****   \brief   Get Stack Pointer (non-secure)
 353:Drivers/CMSIS/Include/cmsis_gcc.h ****   \details Returns the current value of the non-secure Stack Pointer (SP) when in secure state.
 354:Drivers/CMSIS/Include/cmsis_gcc.h ****   \return               SP Register value
 355:Drivers/CMSIS/Include/cmsis_gcc.h ****  */
 356:Drivers/CMSIS/Include/cmsis_gcc.h **** __STATIC_FORCEINLINE uint32_t __TZ_get_SP_NS(void)
 357:Drivers/CMSIS/Include/cmsis_gcc.h **** {
 358:Drivers/CMSIS/Include/cmsis_gcc.h ****   uint32_t result;
 359:Drivers/CMSIS/Include/cmsis_gcc.h **** 
 360:Drivers/CMSIS/Include/cmsis_gcc.h ****   __ASM volatile ("MRS %0, sp_ns" : "=r" (result) );
 361:Drivers/CMSIS/Include/cmsis_gcc.h ****   return(result);
 362:Drivers/CMSIS/Include/cmsis_gcc.h **** }
 363:Drivers/CMSIS/Include/cmsis_gcc.h **** 
 364:Drivers/CMSIS/Include/cmsis_gcc.h **** 
 365:Drivers/CMSIS/Include/cmsis_gcc.h **** /**
 366:Drivers/CMSIS/Include/cmsis_gcc.h ****   \brief   Set Stack Pointer (non-secure)
 367:Drivers/CMSIS/Include/cmsis_gcc.h ****   \details Assigns the given value to the non-secure Stack Pointer (SP) when in secure state.
 368:Drivers/CMSIS/Include/cmsis_gcc.h ****   \param [in]    topOfStack  Stack Pointer value to set
 369:Drivers/CMSIS/Include/cmsis_gcc.h ****  */
 370:Drivers/CMSIS/Include/cmsis_gcc.h **** __STATIC_FORCEINLINE void __TZ_set_SP_NS(uint32_t topOfStack)
 371:Drivers/CMSIS/Include/cmsis_gcc.h **** {
 372:Drivers/CMSIS/Include/cmsis_gcc.h ****   __ASM volatile ("MSR sp_ns, %0" : : "r" (topOfStack) : );
 373:Drivers/CMSIS/Include/cmsis_gcc.h **** }
ARM GAS  C:\Users\cyz19\AppData\Local\Temp\ccXlZxSa.s 			page 14


 374:Drivers/CMSIS/Include/cmsis_gcc.h **** #endif
 375:Drivers/CMSIS/Include/cmsis_gcc.h **** 
 376:Drivers/CMSIS/Include/cmsis_gcc.h **** 
 377:Drivers/CMSIS/Include/cmsis_gcc.h **** /**
 378:Drivers/CMSIS/Include/cmsis_gcc.h ****   \brief   Get Priority Mask
 379:Drivers/CMSIS/Include/cmsis_gcc.h ****   \details Returns the current state of the priority mask bit from the Priority Mask Register.
 380:Drivers/CMSIS/Include/cmsis_gcc.h ****   \return               Priority Mask value
 381:Drivers/CMSIS/Include/cmsis_gcc.h ****  */
 382:Drivers/CMSIS/Include/cmsis_gcc.h **** __STATIC_FORCEINLINE uint32_t __get_PRIMASK(void)
 210              		.loc 2 382 31 view .LVU59
 211              	.LBB75:
 383:Drivers/CMSIS/Include/cmsis_gcc.h **** {
 384:Drivers/CMSIS/Include/cmsis_gcc.h ****   uint32_t result;
 212              		.loc 2 384 3 view .LVU60
 385:Drivers/CMSIS/Include/cmsis_gcc.h **** 
 386:Drivers/CMSIS/Include/cmsis_gcc.h ****   __ASM volatile ("MRS %0, primask" : "=r" (result) :: "memory");
 213              		.loc 2 386 3 view .LVU61
 214              		.syntax unified
 215              	@ 386 "Drivers/CMSIS/Include/cmsis_gcc.h" 1
 216 0000 EFF31082 		MRS r2, primask
 217              	@ 0 "" 2
 218              	.LVL19:
 387:Drivers/CMSIS/Include/cmsis_gcc.h ****   return(result);
 219              		.loc 2 387 3 view .LVU62
 220              		.loc 2 387 3 is_stmt 0 view .LVU63
 221              		.thumb
 222              		.syntax unified
 223              	.LBE75:
 224              	.LBE74:
 143:Library/Src/fifo.c ****   FIFO_ENTER_CRITICAL();
 225              		.loc 1 143 3 is_stmt 1 view .LVU64
 226              	.LBB76:
 227              	.LBI76:
 140:Drivers/CMSIS/Include/cmsis_gcc.h **** {
 228              		.loc 2 140 27 view .LVU65
 229              	.LBB77:
 142:Drivers/CMSIS/Include/cmsis_gcc.h **** }
 230              		.loc 2 142 3 view .LVU66
 231              		.syntax unified
 232              	@ 142 "Drivers/CMSIS/Include/cmsis_gcc.h" 1
 233 0004 72B6     		cpsid i
 234              	@ 0 "" 2
 235              		.thumb
 236              		.syntax unified
 237              	.LBE77:
 238              	.LBE76:
 144:Library/Src/fifo.c **** 
 145:Library/Src/fifo.c ****   if (0 == p_fifo->free_num)
 239              		.loc 1 145 3 view .LVU67
 240              		.loc 1 145 18 is_stmt 0 view .LVU68
 241 0006 8368     		ldr	r3, [r0, #8]
 242              		.loc 1 145 6 view .LVU69
 243 0008 BBB1     		cbz	r3, .L16
 135:Library/Src/fifo.c ****   FIFO_CPU_SR_TYPE cpu_sr;
 244              		.loc 1 135 1 view .LVU70
 245 000a 10B4     		push	{r4}
 246              	.LCFI2:
ARM GAS  C:\Users\cyz19\AppData\Local\Temp\ccXlZxSa.s 			page 15


 247              		.cfi_def_cfa_offset 4
 248              		.cfi_offset 4, -4
 146:Library/Src/fifo.c ****   {
 147:Library/Src/fifo.c ****     //! Error, FIFO is full!
 148:Library/Src/fifo.c ****       goto end;
 149:Library/Src/fifo.c ****   }
 150:Library/Src/fifo.c **** 
 151:Library/Src/fifo.c ****   if (p_fifo->p_write_addr > p_fifo->p_end_addr)
 249              		.loc 1 151 3 is_stmt 1 view .LVU71
 250              		.loc 1 151 36 is_stmt 0 view .LVU72
 251 000c 4368     		ldr	r3, [r0, #4]
 252              		.loc 1 151 6 view .LVU73
 253 000e 4469     		ldr	r4, [r0, #20]
 254 0010 9C42     		cmp	r4, r3
 255 0012 01D9     		bls	.L12
 152:Library/Src/fifo.c ****     p_fifo->p_write_addr = p_fifo->p_start_addr;
 256              		.loc 1 152 5 is_stmt 1 view .LVU74
 257              		.loc 1 152 34 is_stmt 0 view .LVU75
 258 0014 0368     		ldr	r3, [r0]
 259              		.loc 1 152 26 view .LVU76
 260 0016 4361     		str	r3, [r0, #20]
 261              	.L12:
 153:Library/Src/fifo.c **** 
 154:Library/Src/fifo.c ****   *(p_fifo->p_write_addr) = element;
 262              		.loc 1 154 3 is_stmt 1 view .LVU77
 263              		.loc 1 154 11 is_stmt 0 view .LVU78
 264 0018 4369     		ldr	r3, [r0, #20]
 265              		.loc 1 154 27 view .LVU79
 266 001a 1970     		strb	r1, [r3]
 155:Library/Src/fifo.c ****   p_fifo->p_write_addr++;
 267              		.loc 1 155 3 is_stmt 1 view .LVU80
 268              		.loc 1 155 9 is_stmt 0 view .LVU81
 269 001c 4369     		ldr	r3, [r0, #20]
 270              		.loc 1 155 23 view .LVU82
 271 001e 0133     		adds	r3, r3, #1
 272 0020 4361     		str	r3, [r0, #20]
 156:Library/Src/fifo.c ****   p_fifo->free_num--;
 273              		.loc 1 156 3 is_stmt 1 view .LVU83
 274              		.loc 1 156 9 is_stmt 0 view .LVU84
 275 0022 8368     		ldr	r3, [r0, #8]
 276              		.loc 1 156 19 view .LVU85
 277 0024 013B     		subs	r3, r3, #1
 278 0026 8360     		str	r3, [r0, #8]
 157:Library/Src/fifo.c ****   p_fifo->used_num++;
 279              		.loc 1 157 3 is_stmt 1 view .LVU86
 280              		.loc 1 157 9 is_stmt 0 view .LVU87
 281 0028 C368     		ldr	r3, [r0, #12]
 282              		.loc 1 157 19 view .LVU88
 283 002a 0133     		adds	r3, r3, #1
 284 002c C360     		str	r3, [r0, #12]
 158:Library/Src/fifo.c **** 
 159:Library/Src/fifo.c ****   //Interrupt On
 160:Library/Src/fifo.c ****   FIFO_RESTORE_CPU_SR(cpu_sr);
 285              		.loc 1 160 3 is_stmt 1 view .LVU89
 286              	.LVL20:
 287              	.LBB78:
 288              	.LBI78:
ARM GAS  C:\Users\cyz19\AppData\Local\Temp\ccXlZxSa.s 			page 16


 388:Drivers/CMSIS/Include/cmsis_gcc.h **** }
 389:Drivers/CMSIS/Include/cmsis_gcc.h **** 
 390:Drivers/CMSIS/Include/cmsis_gcc.h **** 
 391:Drivers/CMSIS/Include/cmsis_gcc.h **** #if (defined (__ARM_FEATURE_CMSE ) && (__ARM_FEATURE_CMSE == 3))
 392:Drivers/CMSIS/Include/cmsis_gcc.h **** /**
 393:Drivers/CMSIS/Include/cmsis_gcc.h ****   \brief   Get Priority Mask (non-secure)
 394:Drivers/CMSIS/Include/cmsis_gcc.h ****   \details Returns the current state of the non-secure priority mask bit from the Priority Mask Reg
 395:Drivers/CMSIS/Include/cmsis_gcc.h ****   \return               Priority Mask value
 396:Drivers/CMSIS/Include/cmsis_gcc.h ****  */
 397:Drivers/CMSIS/Include/cmsis_gcc.h **** __STATIC_FORCEINLINE uint32_t __TZ_get_PRIMASK_NS(void)
 398:Drivers/CMSIS/Include/cmsis_gcc.h **** {
 399:Drivers/CMSIS/Include/cmsis_gcc.h ****   uint32_t result;
 400:Drivers/CMSIS/Include/cmsis_gcc.h **** 
 401:Drivers/CMSIS/Include/cmsis_gcc.h ****   __ASM volatile ("MRS %0, primask_ns" : "=r" (result) :: "memory");
 402:Drivers/CMSIS/Include/cmsis_gcc.h ****   return(result);
 403:Drivers/CMSIS/Include/cmsis_gcc.h **** }
 404:Drivers/CMSIS/Include/cmsis_gcc.h **** #endif
 405:Drivers/CMSIS/Include/cmsis_gcc.h **** 
 406:Drivers/CMSIS/Include/cmsis_gcc.h **** 
 407:Drivers/CMSIS/Include/cmsis_gcc.h **** /**
 408:Drivers/CMSIS/Include/cmsis_gcc.h ****   \brief   Set Priority Mask
 409:Drivers/CMSIS/Include/cmsis_gcc.h ****   \details Assigns the given value to the Priority Mask Register.
 410:Drivers/CMSIS/Include/cmsis_gcc.h ****   \param [in]    priMask  Priority Mask
 411:Drivers/CMSIS/Include/cmsis_gcc.h ****  */
 412:Drivers/CMSIS/Include/cmsis_gcc.h **** __STATIC_FORCEINLINE void __set_PRIMASK(uint32_t priMask)
 289              		.loc 2 412 27 view .LVU90
 290              	.LBB79:
 413:Drivers/CMSIS/Include/cmsis_gcc.h **** {
 414:Drivers/CMSIS/Include/cmsis_gcc.h ****   __ASM volatile ("MSR primask, %0" : : "r" (priMask) : "memory");
 291              		.loc 2 414 3 view .LVU91
 292              		.syntax unified
 293              	@ 414 "Drivers/CMSIS/Include/cmsis_gcc.h" 1
 294 002e 82F31088 		MSR primask, r2
 295              	@ 0 "" 2
 296              	.LVL21:
 297              		.loc 2 414 3 is_stmt 0 view .LVU92
 298              		.thumb
 299              		.syntax unified
 300              	.LBE79:
 301              	.LBE78:
 161:Library/Src/fifo.c **** 
 162:Library/Src/fifo.c ****   return (0);
 302              		.loc 1 162 3 is_stmt 1 view .LVU93
 303              		.loc 1 162 10 is_stmt 0 view .LVU94
 304 0032 0020     		movs	r0, #0
 305              	.LVL22:
 163:Library/Src/fifo.c **** end:
 164:Library/Src/fifo.c ****   //Interrupt On
 165:Library/Src/fifo.c ****   FIFO_RESTORE_CPU_SR(cpu_sr);
 166:Library/Src/fifo.c ****   return (-1);
 167:Library/Src/fifo.c **** }
 306              		.loc 1 167 1 view .LVU95
 307 0034 5DF8044B 		ldr	r4, [sp], #4
 308              	.LCFI3:
 309              		.cfi_restore 4
 310              		.cfi_def_cfa_offset 0
 311 0038 7047     		bx	lr
ARM GAS  C:\Users\cyz19\AppData\Local\Temp\ccXlZxSa.s 			page 17


 312              	.LVL23:
 313              	.L16:
 148:Library/Src/fifo.c ****   }
 314              		.loc 1 148 7 is_stmt 1 view .LVU96
 315              	.LDL1:
 165:Library/Src/fifo.c ****   return (-1);
 316              		.loc 1 165 3 view .LVU97
 317              	.LBB80:
 318              	.LBI80:
 412:Drivers/CMSIS/Include/cmsis_gcc.h **** {
 319              		.loc 2 412 27 view .LVU98
 320              	.LBB81:
 321              		.loc 2 414 3 view .LVU99
 322              		.syntax unified
 323              	@ 414 "Drivers/CMSIS/Include/cmsis_gcc.h" 1
 324 003a 82F31088 		MSR primask, r2
 325              	@ 0 "" 2
 326              	.LVL24:
 327              		.loc 2 414 3 is_stmt 0 view .LVU100
 328              		.thumb
 329              		.syntax unified
 330              	.LBE81:
 331              	.LBE80:
 166:Library/Src/fifo.c **** }
 332              		.loc 1 166 3 is_stmt 1 view .LVU101
 166:Library/Src/fifo.c **** }
 333              		.loc 1 166 10 is_stmt 0 view .LVU102
 334 003e 4FF0FF30 		mov	r0, #-1
 335              	.LVL25:
 336              		.loc 1 167 1 view .LVU103
 337 0042 7047     		bx	lr
 338              		.cfi_endproc
 339              	.LFE136:
 341              		.section	.text.fifo_s_puts,"ax",%progbits
 342              		.align	1
 343              		.global	fifo_s_puts
 344              		.syntax unified
 345              		.thumb
 346              		.thumb_func
 348              	fifo_s_puts:
 349              	.LVL26:
 350              	.LFB137:
 168:Library/Src/fifo.c **** 
 169:Library/Src/fifo.c **** //******************************************************************************************
 170:Library/Src/fifo.c **** //
 171:Library/Src/fifo.c **** //! \brief  Put some elements into FIFO(in single mode).
 172:Library/Src/fifo.c **** //!
 173:Library/Src/fifo.c **** //! \param  [in]  p_fifo is the pointer of valid FIFO.
 174:Library/Src/fifo.c **** //! \param  [in]  p_source is the data element you want to put
 175:Library/Src/fifo.c **** //! \param  [in]  the number of elements
 176:Library/Src/fifo.c **** //! \retval the number of really write data, otherwise return -1.
 177:Library/Src/fifo.c **** //
 178:Library/Src/fifo.c **** //******************************************************************************************
 179:Library/Src/fifo.c **** int fifo_s_puts(fifo_s_t *p_fifo, char *p_source, int len)
 180:Library/Src/fifo.c **** {
 351              		.loc 1 180 1 is_stmt 1 view -0
 352              		.cfi_startproc
ARM GAS  C:\Users\cyz19\AppData\Local\Temp\ccXlZxSa.s 			page 18


 353              		@ args = 0, pretend = 0, frame = 0
 354              		@ frame_needed = 0, uses_anonymous_args = 0
 355              		.loc 1 180 1 is_stmt 0 view .LVU105
 356 0000 2DE9F843 		push	{r3, r4, r5, r6, r7, r8, r9, lr}
 357              	.LCFI4:
 358              		.cfi_def_cfa_offset 32
 359              		.cfi_offset 3, -32
 360              		.cfi_offset 4, -28
 361              		.cfi_offset 5, -24
 362              		.cfi_offset 6, -20
 363              		.cfi_offset 7, -16
 364              		.cfi_offset 8, -12
 365              		.cfi_offset 9, -8
 366              		.cfi_offset 14, -4
 181:Library/Src/fifo.c ****   FIFO_CPU_SR_TYPE cpu_sr;
 367              		.loc 1 181 3 is_stmt 1 view .LVU106
 182:Library/Src/fifo.c **** 
 183:Library/Src/fifo.c ****   int retval;
 368              		.loc 1 183 3 view .LVU107
 184:Library/Src/fifo.c ****   int len_to_end;
 369              		.loc 1 184 3 view .LVU108
 185:Library/Src/fifo.c ****   int len_from_start;
 370              		.loc 1 185 3 view .LVU109
 186:Library/Src/fifo.c **** 
 187:Library/Src/fifo.c ****   ASSERT(p_fifo);
 371              		.loc 1 187 17 view .LVU110
 188:Library/Src/fifo.c ****   
 189:Library/Src/fifo.c ****   //Interrupt Off;
 190:Library/Src/fifo.c ****   cpu_sr = FIFO_GET_CPU_SR();
 372              		.loc 1 190 3 view .LVU111
 373              	.LBB82:
 374              	.LBI82:
 382:Drivers/CMSIS/Include/cmsis_gcc.h **** {
 375              		.loc 2 382 31 view .LVU112
 376              	.LBB83:
 384:Drivers/CMSIS/Include/cmsis_gcc.h **** 
 377              		.loc 2 384 3 view .LVU113
 386:Drivers/CMSIS/Include/cmsis_gcc.h ****   return(result);
 378              		.loc 2 386 3 view .LVU114
 379              		.syntax unified
 380              	@ 386 "Drivers/CMSIS/Include/cmsis_gcc.h" 1
 381 0004 EFF31088 		MRS r8, primask
 382              	@ 0 "" 2
 383              	.LVL27:
 387:Drivers/CMSIS/Include/cmsis_gcc.h **** }
 384              		.loc 2 387 3 view .LVU115
 387:Drivers/CMSIS/Include/cmsis_gcc.h **** }
 385              		.loc 2 387 3 is_stmt 0 view .LVU116
 386              		.thumb
 387              		.syntax unified
 388              	.LBE83:
 389              	.LBE82:
 191:Library/Src/fifo.c ****   FIFO_ENTER_CRITICAL();
 390              		.loc 1 191 3 is_stmt 1 view .LVU117
 391              	.LBB84:
 392              	.LBI84:
 140:Drivers/CMSIS/Include/cmsis_gcc.h **** {
ARM GAS  C:\Users\cyz19\AppData\Local\Temp\ccXlZxSa.s 			page 19


 393              		.loc 2 140 27 view .LVU118
 394              	.LBB85:
 142:Drivers/CMSIS/Include/cmsis_gcc.h **** }
 395              		.loc 2 142 3 view .LVU119
 396              		.syntax unified
 397              	@ 142 "Drivers/CMSIS/Include/cmsis_gcc.h" 1
 398 0008 72B6     		cpsid i
 399              	@ 0 "" 2
 400              		.thumb
 401              		.syntax unified
 402              	.LBE85:
 403              	.LBE84:
 192:Library/Src/fifo.c **** 
 193:Library/Src/fifo.c ****   if (NULL == p_source)
 404              		.loc 1 193 3 view .LVU120
 405              		.loc 1 193 6 is_stmt 0 view .LVU121
 406 000a 0029     		cmp	r1, #0
 407 000c 32D0     		beq	.L18
 408 000e 0446     		mov	r4, r0
 409 0010 0F46     		mov	r7, r1
 194:Library/Src/fifo.c ****   {
 195:Library/Src/fifo.c ****       goto end;
 196:Library/Src/fifo.c ****   }
 197:Library/Src/fifo.c **** 
 198:Library/Src/fifo.c ****   if (0 == p_fifo->free_num)
 410              		.loc 1 198 3 is_stmt 1 view .LVU122
 411              		.loc 1 198 18 is_stmt 0 view .LVU123
 412 0012 8568     		ldr	r5, [r0, #8]
 413              		.loc 1 198 6 view .LVU124
 414 0014 75B3     		cbz	r5, .L18
 199:Library/Src/fifo.c ****   {
 200:Library/Src/fifo.c ****       goto end;
 201:Library/Src/fifo.c ****   } 
 202:Library/Src/fifo.c **** 
 203:Library/Src/fifo.c ****   if (p_fifo->p_write_addr > p_fifo->p_end_addr)
 415              		.loc 1 203 3 is_stmt 1 view .LVU125
 416              		.loc 1 203 13 is_stmt 0 view .LVU126
 417 0016 4369     		ldr	r3, [r0, #20]
 418              		.loc 1 203 36 view .LVU127
 419 0018 4668     		ldr	r6, [r0, #4]
 420              		.loc 1 203 6 view .LVU128
 421 001a B342     		cmp	r3, r6
 422 001c 01D9     		bls	.L19
 204:Library/Src/fifo.c ****     p_fifo->p_write_addr = p_fifo->p_start_addr;
 423              		.loc 1 204 5 is_stmt 1 view .LVU129
 424              		.loc 1 204 34 is_stmt 0 view .LVU130
 425 001e 0368     		ldr	r3, [r0]
 426              		.loc 1 204 26 view .LVU131
 427 0020 4361     		str	r3, [r0, #20]
 428              	.L19:
 205:Library/Src/fifo.c **** 
 206:Library/Src/fifo.c ****   len = (len < p_fifo->free_num) ? len : p_fifo->free_num;
 429              		.loc 1 206 3 is_stmt 1 view .LVU132
 430              		.loc 1 206 7 is_stmt 0 view .LVU133
 431 0022 9542     		cmp	r5, r2
 432 0024 A8BF     		it	ge
 433 0026 1546     		movge	r5, r2
ARM GAS  C:\Users\cyz19\AppData\Local\Temp\ccXlZxSa.s 			page 20


 434              	.LVL28:
 207:Library/Src/fifo.c ****   len_to_end = p_fifo->p_end_addr - p_fifo->p_write_addr + 1;
 435              		.loc 1 207 3 is_stmt 1 view .LVU134
 436              		.loc 1 207 43 is_stmt 0 view .LVU135
 437 0028 6069     		ldr	r0, [r4, #20]
 438              	.LVL29:
 439              		.loc 1 207 35 view .LVU136
 440 002a 361A     		subs	r6, r6, r0
 441              		.loc 1 207 14 view .LVU137
 442 002c 0136     		adds	r6, r6, #1
 443              	.LVL30:
 208:Library/Src/fifo.c **** 
 209:Library/Src/fifo.c ****   if (len_to_end >= len) //no rollback
 444              		.loc 1 209 3 is_stmt 1 view .LVU138
 445              		.loc 1 209 6 is_stmt 0 view .LVU139
 446 002e B542     		cmp	r5, r6
 447 0030 11DC     		bgt	.L20
 210:Library/Src/fifo.c ****   {
 211:Library/Src/fifo.c ****     len_to_end = len;
 448              		.loc 1 211 5 is_stmt 1 view .LVU140
 449              	.LVL31:
 212:Library/Src/fifo.c ****     memcpy(p_fifo->p_write_addr, p_source, len_to_end);
 450              		.loc 1 212 5 view .LVU141
 451 0032 2A46     		mov	r2, r5
 452 0034 3946     		mov	r1, r7
 453              	.LVL32:
 454              		.loc 1 212 5 is_stmt 0 view .LVU142
 455 0036 FFF7FEFF 		bl	memcpy
 456              	.LVL33:
 213:Library/Src/fifo.c ****     p_fifo->p_write_addr += len_to_end;
 457              		.loc 1 213 5 is_stmt 1 view .LVU143
 458              		.loc 1 213 26 is_stmt 0 view .LVU144
 459 003a 6369     		ldr	r3, [r4, #20]
 460 003c 2B44     		add	r3, r3, r5
 461 003e 6361     		str	r3, [r4, #20]
 462              	.LVL34:
 463              	.L21:
 214:Library/Src/fifo.c ****   }
 215:Library/Src/fifo.c ****   else //rollback
 216:Library/Src/fifo.c ****   {
 217:Library/Src/fifo.c ****     len_from_start = len - len_to_end;
 218:Library/Src/fifo.c ****     memcpy(p_fifo->p_write_addr, p_source, len_to_end);
 219:Library/Src/fifo.c ****     memcpy(p_fifo->p_start_addr, p_source + len_to_end, len_from_start);
 220:Library/Src/fifo.c ****     p_fifo->p_write_addr = p_fifo->p_start_addr + len_from_start;
 221:Library/Src/fifo.c ****   }
 222:Library/Src/fifo.c **** 
 223:Library/Src/fifo.c ****   p_fifo->free_num -= len;
 464              		.loc 1 223 3 is_stmt 1 view .LVU145
 465              		.loc 1 223 20 is_stmt 0 view .LVU146
 466 0040 A368     		ldr	r3, [r4, #8]
 467 0042 5B1B     		subs	r3, r3, r5
 468 0044 A360     		str	r3, [r4, #8]
 224:Library/Src/fifo.c ****   p_fifo->used_num += len;
 469              		.loc 1 224 3 is_stmt 1 view .LVU147
 470              		.loc 1 224 20 is_stmt 0 view .LVU148
 471 0046 E368     		ldr	r3, [r4, #12]
 472 0048 2B44     		add	r3, r3, r5
ARM GAS  C:\Users\cyz19\AppData\Local\Temp\ccXlZxSa.s 			page 21


 473 004a E360     		str	r3, [r4, #12]
 225:Library/Src/fifo.c ****   retval = len;
 474              		.loc 1 225 3 is_stmt 1 view .LVU149
 475              	.LVL35:
 226:Library/Src/fifo.c **** 
 227:Library/Src/fifo.c ****   //Interrupt On
 228:Library/Src/fifo.c ****   FIFO_RESTORE_CPU_SR(cpu_sr);
 476              		.loc 1 228 3 view .LVU150
 477              	.LBB86:
 478              	.LBI86:
 412:Drivers/CMSIS/Include/cmsis_gcc.h **** {
 479              		.loc 2 412 27 view .LVU151
 480              	.LBB87:
 481              		.loc 2 414 3 view .LVU152
 482              		.syntax unified
 483              	@ 414 "Drivers/CMSIS/Include/cmsis_gcc.h" 1
 484 004c 88F31088 		MSR primask, r8
 485              	@ 0 "" 2
 486              	.LVL36:
 487              		.loc 2 414 3 is_stmt 0 view .LVU153
 488              		.thumb
 489              		.syntax unified
 490              	.LBE87:
 491              	.LBE86:
 229:Library/Src/fifo.c **** 
 230:Library/Src/fifo.c ****   return retval;
 492              		.loc 1 230 3 is_stmt 1 view .LVU154
 493              	.L17:
 231:Library/Src/fifo.c **** end:
 232:Library/Src/fifo.c ****   //Interrupt On
 233:Library/Src/fifo.c ****   FIFO_RESTORE_CPU_SR(cpu_sr);
 234:Library/Src/fifo.c ****   return (-1);
 235:Library/Src/fifo.c **** }
 494              		.loc 1 235 1 is_stmt 0 view .LVU155
 495 0050 2846     		mov	r0, r5
 496 0052 BDE8F883 		pop	{r3, r4, r5, r6, r7, r8, r9, pc}
 497              	.LVL37:
 498              	.L20:
 217:Library/Src/fifo.c ****     memcpy(p_fifo->p_write_addr, p_source, len_to_end);
 499              		.loc 1 217 5 is_stmt 1 view .LVU156
 217:Library/Src/fifo.c ****     memcpy(p_fifo->p_write_addr, p_source, len_to_end);
 500              		.loc 1 217 20 is_stmt 0 view .LVU157
 501 0056 A5EB0609 		sub	r9, r5, r6
 502              	.LVL38:
 218:Library/Src/fifo.c ****     memcpy(p_fifo->p_start_addr, p_source + len_to_end, len_from_start);
 503              		.loc 1 218 5 is_stmt 1 view .LVU158
 504 005a 3246     		mov	r2, r6
 505 005c 3946     		mov	r1, r7
 506              	.LVL39:
 218:Library/Src/fifo.c ****     memcpy(p_fifo->p_start_addr, p_source + len_to_end, len_from_start);
 507              		.loc 1 218 5 is_stmt 0 view .LVU159
 508 005e FFF7FEFF 		bl	memcpy
 509              	.LVL40:
 219:Library/Src/fifo.c ****     p_fifo->p_write_addr = p_fifo->p_start_addr + len_from_start;
 510              		.loc 1 219 5 is_stmt 1 view .LVU160
 511 0062 4A46     		mov	r2, r9
 512 0064 B919     		adds	r1, r7, r6
ARM GAS  C:\Users\cyz19\AppData\Local\Temp\ccXlZxSa.s 			page 22


 513 0066 2068     		ldr	r0, [r4]
 514 0068 FFF7FEFF 		bl	memcpy
 515              	.LVL41:
 220:Library/Src/fifo.c ****   }
 516              		.loc 1 220 5 view .LVU161
 220:Library/Src/fifo.c ****   }
 517              		.loc 1 220 34 is_stmt 0 view .LVU162
 518 006c 2368     		ldr	r3, [r4]
 220:Library/Src/fifo.c ****   }
 519              		.loc 1 220 49 view .LVU163
 520 006e 4B44     		add	r3, r3, r9
 220:Library/Src/fifo.c ****   }
 521              		.loc 1 220 26 view .LVU164
 522 0070 6361     		str	r3, [r4, #20]
 523 0072 E5E7     		b	.L21
 524              	.LVL42:
 525              	.L18:
 233:Library/Src/fifo.c ****   return (-1);
 526              		.loc 1 233 3 is_stmt 1 view .LVU165
 527              	.LBB88:
 528              	.LBI88:
 412:Drivers/CMSIS/Include/cmsis_gcc.h **** {
 529              		.loc 2 412 27 view .LVU166
 530              	.LBB89:
 531              		.loc 2 414 3 view .LVU167
 532              		.syntax unified
 533              	@ 414 "Drivers/CMSIS/Include/cmsis_gcc.h" 1
 534 0074 88F31088 		MSR primask, r8
 535              	@ 0 "" 2
 536              	.LVL43:
 537              		.loc 2 414 3 is_stmt 0 view .LVU168
 538              		.thumb
 539              		.syntax unified
 540              	.LBE89:
 541              	.LBE88:
 234:Library/Src/fifo.c **** }
 542              		.loc 1 234 3 is_stmt 1 view .LVU169
 234:Library/Src/fifo.c **** }
 543              		.loc 1 234 10 is_stmt 0 view .LVU170
 544 0078 4FF0FF35 		mov	r5, #-1
 545 007c E8E7     		b	.L17
 546              		.cfi_endproc
 547              	.LFE137:
 549              		.section	.text.fifo_s_puts_noprotect,"ax",%progbits
 550              		.align	1
 551              		.global	fifo_s_puts_noprotect
 552              		.syntax unified
 553              		.thumb
 554              		.thumb_func
 556              	fifo_s_puts_noprotect:
 557              	.LVL44:
 558              	.LFB138:
 236:Library/Src/fifo.c **** 
 237:Library/Src/fifo.c **** //******************************************************************************************
 238:Library/Src/fifo.c **** //
 239:Library/Src/fifo.c **** //! \brief  Put some elements into FIFO, ingnore the interrupt
 240:Library/Src/fifo.c **** //!
ARM GAS  C:\Users\cyz19\AppData\Local\Temp\ccXlZxSa.s 			page 23


 241:Library/Src/fifo.c **** //! \param  [in]  p_fifo is the pointer of valid FIFO.
 242:Library/Src/fifo.c **** //! \param  [in]  p_source is the data element you want to put
 243:Library/Src/fifo.c **** //! \param  [in]  the number of elements
 244:Library/Src/fifo.c **** //! \retval the number of really write data, otherwise return -1.
 245:Library/Src/fifo.c **** //
 246:Library/Src/fifo.c **** //******************************************************************************************
 247:Library/Src/fifo.c **** int fifo_s_puts_noprotect(fifo_s_t *p_fifo, char *p_source, int len)
 248:Library/Src/fifo.c **** {
 559              		.loc 1 248 1 is_stmt 1 view -0
 560              		.cfi_startproc
 561              		@ args = 0, pretend = 0, frame = 0
 562              		@ frame_needed = 0, uses_anonymous_args = 0
 563              		.loc 1 248 1 is_stmt 0 view .LVU172
 564 0000 2DE9F041 		push	{r4, r5, r6, r7, r8, lr}
 565              	.LCFI5:
 566              		.cfi_def_cfa_offset 24
 567              		.cfi_offset 4, -24
 568              		.cfi_offset 5, -20
 569              		.cfi_offset 6, -16
 570              		.cfi_offset 7, -12
 571              		.cfi_offset 8, -8
 572              		.cfi_offset 14, -4
 249:Library/Src/fifo.c ****   int retval;
 573              		.loc 1 249 3 is_stmt 1 view .LVU173
 250:Library/Src/fifo.c ****   int len_to_end;
 574              		.loc 1 250 3 view .LVU174
 251:Library/Src/fifo.c ****   int len_from_start;
 575              		.loc 1 251 3 view .LVU175
 252:Library/Src/fifo.c **** 
 253:Library/Src/fifo.c ****   ASSERT(p_fifo);
 576              		.loc 1 253 17 view .LVU176
 254:Library/Src/fifo.c **** 
 255:Library/Src/fifo.c ****   if (NULL == p_source)
 577              		.loc 1 255 3 view .LVU177
 578              		.loc 1 255 6 is_stmt 0 view .LVU178
 579 0004 81B3     		cbz	r1, .L29
 580 0006 0446     		mov	r4, r0
 581 0008 0F46     		mov	r7, r1
 256:Library/Src/fifo.c ****     return -1;
 257:Library/Src/fifo.c **** 
 258:Library/Src/fifo.c ****   if (0 == p_fifo->free_num)
 582              		.loc 1 258 3 is_stmt 1 view .LVU179
 583              		.loc 1 258 18 is_stmt 0 view .LVU180
 584 000a 8568     		ldr	r5, [r0, #8]
 585              		.loc 1 258 6 view .LVU181
 586 000c D5B1     		cbz	r5, .L24
 259:Library/Src/fifo.c ****     return 0;
 260:Library/Src/fifo.c **** 
 261:Library/Src/fifo.c ****   if (p_fifo->p_write_addr > p_fifo->p_end_addr)
 587              		.loc 1 261 3 is_stmt 1 view .LVU182
 588              		.loc 1 261 13 is_stmt 0 view .LVU183
 589 000e 4369     		ldr	r3, [r0, #20]
 590              		.loc 1 261 36 view .LVU184
 591 0010 4668     		ldr	r6, [r0, #4]
 592              		.loc 1 261 6 view .LVU185
 593 0012 B342     		cmp	r3, r6
 594 0014 01D9     		bls	.L26
ARM GAS  C:\Users\cyz19\AppData\Local\Temp\ccXlZxSa.s 			page 24


 262:Library/Src/fifo.c ****     p_fifo->p_write_addr = p_fifo->p_start_addr;
 595              		.loc 1 262 5 is_stmt 1 view .LVU186
 596              		.loc 1 262 34 is_stmt 0 view .LVU187
 597 0016 0368     		ldr	r3, [r0]
 598              		.loc 1 262 26 view .LVU188
 599 0018 4361     		str	r3, [r0, #20]
 600              	.L26:
 263:Library/Src/fifo.c **** 
 264:Library/Src/fifo.c ****   len = (len < p_fifo->free_num) ? len : p_fifo->free_num;
 601              		.loc 1 264 3 is_stmt 1 view .LVU189
 602              		.loc 1 264 7 is_stmt 0 view .LVU190
 603 001a 9542     		cmp	r5, r2
 604 001c A8BF     		it	ge
 605 001e 1546     		movge	r5, r2
 606              	.LVL45:
 265:Library/Src/fifo.c ****   len_to_end = p_fifo->p_end_addr - p_fifo->p_write_addr + 1;
 607              		.loc 1 265 3 is_stmt 1 view .LVU191
 608              		.loc 1 265 43 is_stmt 0 view .LVU192
 609 0020 6069     		ldr	r0, [r4, #20]
 610              	.LVL46:
 611              		.loc 1 265 35 view .LVU193
 612 0022 361A     		subs	r6, r6, r0
 613              		.loc 1 265 14 view .LVU194
 614 0024 0136     		adds	r6, r6, #1
 615              	.LVL47:
 266:Library/Src/fifo.c **** 
 267:Library/Src/fifo.c ****   if (len_to_end >= len) //no rollback
 616              		.loc 1 267 3 is_stmt 1 view .LVU195
 617              		.loc 1 267 6 is_stmt 0 view .LVU196
 618 0026 B542     		cmp	r5, r6
 619 0028 0FDC     		bgt	.L27
 268:Library/Src/fifo.c ****   {
 269:Library/Src/fifo.c ****     len_to_end = len;
 620              		.loc 1 269 5 is_stmt 1 view .LVU197
 621              	.LVL48:
 270:Library/Src/fifo.c ****     memcpy(p_fifo->p_write_addr, p_source, len_to_end);
 622              		.loc 1 270 5 view .LVU198
 623 002a 2A46     		mov	r2, r5
 624 002c 3946     		mov	r1, r7
 625              	.LVL49:
 626              		.loc 1 270 5 is_stmt 0 view .LVU199
 627 002e FFF7FEFF 		bl	memcpy
 628              	.LVL50:
 271:Library/Src/fifo.c ****     p_fifo->p_write_addr += len_to_end;
 629              		.loc 1 271 5 is_stmt 1 view .LVU200
 630              		.loc 1 271 26 is_stmt 0 view .LVU201
 631 0032 6369     		ldr	r3, [r4, #20]
 632 0034 2B44     		add	r3, r3, r5
 633 0036 6361     		str	r3, [r4, #20]
 634              	.LVL51:
 635              	.L28:
 272:Library/Src/fifo.c ****   }
 273:Library/Src/fifo.c ****   else //rollback
 274:Library/Src/fifo.c ****   {
 275:Library/Src/fifo.c ****     len_from_start = len - len_to_end;
 276:Library/Src/fifo.c ****     memcpy(p_fifo->p_write_addr, p_source, len_to_end);
 277:Library/Src/fifo.c ****     memcpy(p_fifo->p_start_addr, p_source + len_to_end, len_from_start);
ARM GAS  C:\Users\cyz19\AppData\Local\Temp\ccXlZxSa.s 			page 25


 278:Library/Src/fifo.c ****     p_fifo->p_write_addr = p_fifo->p_start_addr + len_from_start;
 279:Library/Src/fifo.c ****   }
 280:Library/Src/fifo.c **** 
 281:Library/Src/fifo.c ****   p_fifo->free_num -= len;
 636              		.loc 1 281 3 is_stmt 1 view .LVU202
 637              		.loc 1 281 20 is_stmt 0 view .LVU203
 638 0038 A368     		ldr	r3, [r4, #8]
 639 003a 5B1B     		subs	r3, r3, r5
 640 003c A360     		str	r3, [r4, #8]
 282:Library/Src/fifo.c ****   p_fifo->used_num += len;
 641              		.loc 1 282 3 is_stmt 1 view .LVU204
 642              		.loc 1 282 20 is_stmt 0 view .LVU205
 643 003e E368     		ldr	r3, [r4, #12]
 644 0040 2B44     		add	r3, r3, r5
 645 0042 E360     		str	r3, [r4, #12]
 283:Library/Src/fifo.c ****   retval = len;
 646              		.loc 1 283 3 is_stmt 1 view .LVU206
 647              	.LVL52:
 284:Library/Src/fifo.c **** 
 285:Library/Src/fifo.c ****   return retval;
 648              		.loc 1 285 3 view .LVU207
 649              	.L24:
 286:Library/Src/fifo.c **** }
 650              		.loc 1 286 1 is_stmt 0 view .LVU208
 651 0044 2846     		mov	r0, r5
 652 0046 BDE8F081 		pop	{r4, r5, r6, r7, r8, pc}
 653              	.LVL53:
 654              	.L27:
 275:Library/Src/fifo.c ****     memcpy(p_fifo->p_write_addr, p_source, len_to_end);
 655              		.loc 1 275 5 is_stmt 1 view .LVU209
 275:Library/Src/fifo.c ****     memcpy(p_fifo->p_write_addr, p_source, len_to_end);
 656              		.loc 1 275 20 is_stmt 0 view .LVU210
 657 004a A5EB0608 		sub	r8, r5, r6
 658              	.LVL54:
 276:Library/Src/fifo.c ****     memcpy(p_fifo->p_start_addr, p_source + len_to_end, len_from_start);
 659              		.loc 1 276 5 is_stmt 1 view .LVU211
 660 004e 3246     		mov	r2, r6
 661 0050 3946     		mov	r1, r7
 662              	.LVL55:
 276:Library/Src/fifo.c ****     memcpy(p_fifo->p_start_addr, p_source + len_to_end, len_from_start);
 663              		.loc 1 276 5 is_stmt 0 view .LVU212
 664 0052 FFF7FEFF 		bl	memcpy
 665              	.LVL56:
 277:Library/Src/fifo.c ****     p_fifo->p_write_addr = p_fifo->p_start_addr + len_from_start;
 666              		.loc 1 277 5 is_stmt 1 view .LVU213
 667 0056 4246     		mov	r2, r8
 668 0058 B919     		adds	r1, r7, r6
 669 005a 2068     		ldr	r0, [r4]
 670 005c FFF7FEFF 		bl	memcpy
 671              	.LVL57:
 278:Library/Src/fifo.c ****   }
 672              		.loc 1 278 5 view .LVU214
 278:Library/Src/fifo.c ****   }
 673              		.loc 1 278 34 is_stmt 0 view .LVU215
 674 0060 2368     		ldr	r3, [r4]
 278:Library/Src/fifo.c ****   }
 675              		.loc 1 278 49 view .LVU216
ARM GAS  C:\Users\cyz19\AppData\Local\Temp\ccXlZxSa.s 			page 26


 676 0062 4344     		add	r3, r3, r8
 278:Library/Src/fifo.c ****   }
 677              		.loc 1 278 26 view .LVU217
 678 0064 6361     		str	r3, [r4, #20]
 679 0066 E7E7     		b	.L28
 680              	.LVL58:
 681              	.L29:
 256:Library/Src/fifo.c **** 
 682              		.loc 1 256 12 view .LVU218
 683 0068 4FF0FF35 		mov	r5, #-1
 684 006c EAE7     		b	.L24
 685              		.cfi_endproc
 686              	.LFE138:
 688              		.section	.text.fifo_s_get,"ax",%progbits
 689              		.align	1
 690              		.global	fifo_s_get
 691              		.syntax unified
 692              		.thumb
 693              		.thumb_func
 695              	fifo_s_get:
 696              	.LVL59:
 697              	.LFB139:
 287:Library/Src/fifo.c **** 
 288:Library/Src/fifo.c **** //******************************************************************************************
 289:Library/Src/fifo.c **** //
 290:Library/Src/fifo.c **** //! \brief  Get an element from FIFO(in single mode).
 291:Library/Src/fifo.c **** //!
 292:Library/Src/fifo.c **** //! \param  [in]  p_fifo is the pointer of valid FIFO.
 293:Library/Src/fifo.c **** //!
 294:Library/Src/fifo.c **** //! \retval the data element of FIFO.
 295:Library/Src/fifo.c **** //
 296:Library/Src/fifo.c **** //******************************************************************************************
 297:Library/Src/fifo.c **** char fifo_s_get(fifo_s_t *p_fifo)
 298:Library/Src/fifo.c **** {
 698              		.loc 1 298 1 is_stmt 1 view -0
 699              		.cfi_startproc
 700              		@ args = 0, pretend = 0, frame = 0
 701              		@ frame_needed = 0, uses_anonymous_args = 0
 702              		@ link register save eliminated.
 703              		.loc 1 298 1 is_stmt 0 view .LVU220
 704 0000 0346     		mov	r3, r0
 299:Library/Src/fifo.c ****   FIFO_CPU_SR_TYPE cpu_sr;
 705              		.loc 1 299 3 is_stmt 1 view .LVU221
 300:Library/Src/fifo.c ****   char retval = 0;
 706              		.loc 1 300 3 view .LVU222
 707              	.LVL60:
 301:Library/Src/fifo.c **** 
 302:Library/Src/fifo.c ****   //! Check input parameters.
 303:Library/Src/fifo.c ****   ASSERT(p_fifo);
 708              		.loc 1 303 17 view .LVU223
 304:Library/Src/fifo.c **** 
 305:Library/Src/fifo.c ****   //Interrupt Off;
 306:Library/Src/fifo.c ****   cpu_sr = FIFO_GET_CPU_SR();
 709              		.loc 1 306 3 view .LVU224
 710              	.LBB90:
 711              	.LBI90:
 382:Drivers/CMSIS/Include/cmsis_gcc.h **** {
ARM GAS  C:\Users\cyz19\AppData\Local\Temp\ccXlZxSa.s 			page 27


 712              		.loc 2 382 31 view .LVU225
 713              	.LBB91:
 384:Drivers/CMSIS/Include/cmsis_gcc.h **** 
 714              		.loc 2 384 3 view .LVU226
 386:Drivers/CMSIS/Include/cmsis_gcc.h ****   return(result);
 715              		.loc 2 386 3 view .LVU227
 716              		.syntax unified
 717              	@ 386 "Drivers/CMSIS/Include/cmsis_gcc.h" 1
 718 0002 EFF31081 		MRS r1, primask
 719              	@ 0 "" 2
 720              	.LVL61:
 387:Drivers/CMSIS/Include/cmsis_gcc.h **** }
 721              		.loc 2 387 3 view .LVU228
 387:Drivers/CMSIS/Include/cmsis_gcc.h **** }
 722              		.loc 2 387 3 is_stmt 0 view .LVU229
 723              		.thumb
 724              		.syntax unified
 725              	.LBE91:
 726              	.LBE90:
 307:Library/Src/fifo.c ****   FIFO_ENTER_CRITICAL();
 727              		.loc 1 307 3 is_stmt 1 view .LVU230
 728              	.LBB92:
 729              	.LBI92:
 140:Drivers/CMSIS/Include/cmsis_gcc.h **** {
 730              		.loc 2 140 27 view .LVU231
 731              	.LBB93:
 142:Drivers/CMSIS/Include/cmsis_gcc.h **** }
 732              		.loc 2 142 3 view .LVU232
 733              		.syntax unified
 734              	@ 142 "Drivers/CMSIS/Include/cmsis_gcc.h" 1
 735 0006 72B6     		cpsid i
 736              	@ 0 "" 2
 737              		.thumb
 738              		.syntax unified
 739              	.LBE93:
 740              	.LBE92:
 308:Library/Src/fifo.c **** 
 309:Library/Src/fifo.c ****   if (p_fifo->p_read_addr > p_fifo->p_end_addr)
 741              		.loc 1 309 3 view .LVU233
 742              		.loc 1 309 13 is_stmt 0 view .LVU234
 743 0008 0069     		ldr	r0, [r0, #16]
 744              	.LVL62:
 745              		.loc 1 309 35 view .LVU235
 746 000a 5A68     		ldr	r2, [r3, #4]
 747              		.loc 1 309 6 view .LVU236
 748 000c 9042     		cmp	r0, r2
 749 000e 01D9     		bls	.L32
 310:Library/Src/fifo.c ****     p_fifo->p_read_addr = p_fifo->p_start_addr;
 750              		.loc 1 310 5 is_stmt 1 view .LVU237
 751              		.loc 1 310 33 is_stmt 0 view .LVU238
 752 0010 1A68     		ldr	r2, [r3]
 753              		.loc 1 310 25 view .LVU239
 754 0012 1A61     		str	r2, [r3, #16]
 755              	.L32:
 311:Library/Src/fifo.c **** 
 312:Library/Src/fifo.c ****   retval = *p_fifo->p_read_addr;
 756              		.loc 1 312 3 is_stmt 1 view .LVU240
ARM GAS  C:\Users\cyz19\AppData\Local\Temp\ccXlZxSa.s 			page 28


 757              		.loc 1 312 10 is_stmt 0 view .LVU241
 758 0014 1A69     		ldr	r2, [r3, #16]
 759 0016 12F8010B 		ldrb	r0, [r2], #1	@ zero_extendqisi2
 760              	.LVL63:
 313:Library/Src/fifo.c ****   // Update information
 314:Library/Src/fifo.c ****   p_fifo->p_read_addr++;
 761              		.loc 1 314 3 is_stmt 1 view .LVU242
 762              		.loc 1 314 22 is_stmt 0 view .LVU243
 763 001a 1A61     		str	r2, [r3, #16]
 315:Library/Src/fifo.c ****   p_fifo->free_num++;
 764              		.loc 1 315 3 is_stmt 1 view .LVU244
 765              		.loc 1 315 9 is_stmt 0 view .LVU245
 766 001c 9A68     		ldr	r2, [r3, #8]
 767              		.loc 1 315 19 view .LVU246
 768 001e 0132     		adds	r2, r2, #1
 769 0020 9A60     		str	r2, [r3, #8]
 316:Library/Src/fifo.c ****   p_fifo->used_num--;
 770              		.loc 1 316 3 is_stmt 1 view .LVU247
 771              		.loc 1 316 9 is_stmt 0 view .LVU248
 772 0022 DA68     		ldr	r2, [r3, #12]
 773              		.loc 1 316 19 view .LVU249
 774 0024 013A     		subs	r2, r2, #1
 775 0026 DA60     		str	r2, [r3, #12]
 317:Library/Src/fifo.c ****   //Interrupt On
 318:Library/Src/fifo.c ****   FIFO_RESTORE_CPU_SR(cpu_sr);
 776              		.loc 1 318 3 is_stmt 1 view .LVU250
 777              	.LVL64:
 778              	.LBB94:
 779              	.LBI94:
 412:Drivers/CMSIS/Include/cmsis_gcc.h **** {
 780              		.loc 2 412 27 view .LVU251
 781              	.LBB95:
 782              		.loc 2 414 3 view .LVU252
 783              		.syntax unified
 784              	@ 414 "Drivers/CMSIS/Include/cmsis_gcc.h" 1
 785 0028 81F31088 		MSR primask, r1
 786              	@ 0 "" 2
 787              	.LVL65:
 788              		.loc 2 414 3 is_stmt 0 view .LVU253
 789              		.thumb
 790              		.syntax unified
 791              	.LBE95:
 792              	.LBE94:
 319:Library/Src/fifo.c ****   return (retval);
 793              		.loc 1 319 3 is_stmt 1 view .LVU254
 320:Library/Src/fifo.c **** }
 794              		.loc 1 320 1 is_stmt 0 view .LVU255
 795 002c 7047     		bx	lr
 796              		.cfi_endproc
 797              	.LFE139:
 799              		.section	.text.fifo_s_gets,"ax",%progbits
 800              		.align	1
 801              		.global	fifo_s_gets
 802              		.syntax unified
 803              		.thumb
 804              		.thumb_func
 806              	fifo_s_gets:
ARM GAS  C:\Users\cyz19\AppData\Local\Temp\ccXlZxSa.s 			page 29


 807              	.LVL66:
 808              	.LFB140:
 321:Library/Src/fifo.c **** 
 322:Library/Src/fifo.c **** //******************************************************************************************
 323:Library/Src/fifo.c **** //
 324:Library/Src/fifo.c **** //! \brief  Get some element from FIFO(in single mode).
 325:Library/Src/fifo.c **** //!
 326:Library/Src/fifo.c **** //! \param  [in]  p_fifo is the pointer of valid FIFO.
 327:Library/Src/fifo.c **** //!
 328:Library/Src/fifo.c **** //! \retval the number of really read data.
 329:Library/Src/fifo.c **** //
 330:Library/Src/fifo.c **** //******************************************************************************************
 331:Library/Src/fifo.c **** int fifo_s_gets(fifo_s_t *p_fifo, char *p_dest, int len)
 332:Library/Src/fifo.c **** {
 809              		.loc 1 332 1 is_stmt 1 view -0
 810              		.cfi_startproc
 811              		@ args = 0, pretend = 0, frame = 0
 812              		@ frame_needed = 0, uses_anonymous_args = 0
 813              		.loc 1 332 1 is_stmt 0 view .LVU257
 814 0000 2DE9F843 		push	{r3, r4, r5, r6, r7, r8, r9, lr}
 815              	.LCFI6:
 816              		.cfi_def_cfa_offset 32
 817              		.cfi_offset 3, -32
 818              		.cfi_offset 4, -28
 819              		.cfi_offset 5, -24
 820              		.cfi_offset 6, -20
 821              		.cfi_offset 7, -16
 822              		.cfi_offset 8, -12
 823              		.cfi_offset 9, -8
 824              		.cfi_offset 14, -4
 333:Library/Src/fifo.c ****   FIFO_CPU_SR_TYPE cpu_sr;
 825              		.loc 1 333 3 is_stmt 1 view .LVU258
 334:Library/Src/fifo.c ****   int retval;
 826              		.loc 1 334 3 view .LVU259
 335:Library/Src/fifo.c ****   int len_to_end;
 827              		.loc 1 335 3 view .LVU260
 336:Library/Src/fifo.c ****   int len_from_start;
 828              		.loc 1 336 3 view .LVU261
 337:Library/Src/fifo.c **** 
 338:Library/Src/fifo.c ****   ASSERT(p_fifo);
 829              		.loc 1 338 17 view .LVU262
 339:Library/Src/fifo.c **** 
 340:Library/Src/fifo.c ****   //Interrupt Off;
 341:Library/Src/fifo.c ****   cpu_sr = FIFO_GET_CPU_SR();
 830              		.loc 1 341 3 view .LVU263
 831              	.LBB96:
 832              	.LBI96:
 382:Drivers/CMSIS/Include/cmsis_gcc.h **** {
 833              		.loc 2 382 31 view .LVU264
 834              	.LBB97:
 384:Drivers/CMSIS/Include/cmsis_gcc.h **** 
 835              		.loc 2 384 3 view .LVU265
 386:Drivers/CMSIS/Include/cmsis_gcc.h ****   return(result);
 836              		.loc 2 386 3 view .LVU266
 837              		.syntax unified
 838              	@ 386 "Drivers/CMSIS/Include/cmsis_gcc.h" 1
 839 0004 EFF31088 		MRS r8, primask
ARM GAS  C:\Users\cyz19\AppData\Local\Temp\ccXlZxSa.s 			page 30


 840              	@ 0 "" 2
 841              	.LVL67:
 387:Drivers/CMSIS/Include/cmsis_gcc.h **** }
 842              		.loc 2 387 3 view .LVU267
 387:Drivers/CMSIS/Include/cmsis_gcc.h **** }
 843              		.loc 2 387 3 is_stmt 0 view .LVU268
 844              		.thumb
 845              		.syntax unified
 846              	.LBE97:
 847              	.LBE96:
 342:Library/Src/fifo.c ****   FIFO_ENTER_CRITICAL();
 848              		.loc 1 342 3 is_stmt 1 view .LVU269
 849              	.LBB98:
 850              	.LBI98:
 140:Drivers/CMSIS/Include/cmsis_gcc.h **** {
 851              		.loc 2 140 27 view .LVU270
 852              	.LBB99:
 142:Drivers/CMSIS/Include/cmsis_gcc.h **** }
 853              		.loc 2 142 3 view .LVU271
 854              		.syntax unified
 855              	@ 142 "Drivers/CMSIS/Include/cmsis_gcc.h" 1
 856 0008 72B6     		cpsid i
 857              	@ 0 "" 2
 858              		.thumb
 859              		.syntax unified
 860              	.LBE99:
 861              	.LBE98:
 343:Library/Src/fifo.c **** 
 344:Library/Src/fifo.c ****   if (NULL == p_dest)
 862              		.loc 1 344 3 view .LVU272
 863              		.loc 1 344 6 is_stmt 0 view .LVU273
 864 000a 0029     		cmp	r1, #0
 865 000c 32D0     		beq	.L34
 866 000e 0446     		mov	r4, r0
 867 0010 0F46     		mov	r7, r1
 345:Library/Src/fifo.c ****   {
 346:Library/Src/fifo.c ****     goto end;
 347:Library/Src/fifo.c ****   }
 348:Library/Src/fifo.c **** 
 349:Library/Src/fifo.c ****   if (0 == p_fifo->used_num)
 868              		.loc 1 349 3 is_stmt 1 view .LVU274
 869              		.loc 1 349 18 is_stmt 0 view .LVU275
 870 0012 C568     		ldr	r5, [r0, #12]
 871              		.loc 1 349 6 view .LVU276
 872 0014 75B3     		cbz	r5, .L34
 350:Library/Src/fifo.c ****   {
 351:Library/Src/fifo.c ****     goto end;
 352:Library/Src/fifo.c ****   }
 353:Library/Src/fifo.c **** 
 354:Library/Src/fifo.c ****   if (p_fifo->p_read_addr > p_fifo->p_end_addr)
 873              		.loc 1 354 3 is_stmt 1 view .LVU277
 874              		.loc 1 354 13 is_stmt 0 view .LVU278
 875 0016 0369     		ldr	r3, [r0, #16]
 876              		.loc 1 354 35 view .LVU279
 877 0018 4668     		ldr	r6, [r0, #4]
 878              		.loc 1 354 6 view .LVU280
 879 001a B342     		cmp	r3, r6
ARM GAS  C:\Users\cyz19\AppData\Local\Temp\ccXlZxSa.s 			page 31


 880 001c 01D9     		bls	.L35
 355:Library/Src/fifo.c ****     p_fifo->p_read_addr = p_fifo->p_start_addr;
 881              		.loc 1 355 5 is_stmt 1 view .LVU281
 882              		.loc 1 355 33 is_stmt 0 view .LVU282
 883 001e 0368     		ldr	r3, [r0]
 884              		.loc 1 355 25 view .LVU283
 885 0020 0361     		str	r3, [r0, #16]
 886              	.L35:
 356:Library/Src/fifo.c **** 
 357:Library/Src/fifo.c ****   len = (len < p_fifo->used_num) ? len : p_fifo->used_num;
 887              		.loc 1 357 3 is_stmt 1 view .LVU284
 888              		.loc 1 357 7 is_stmt 0 view .LVU285
 889 0022 9542     		cmp	r5, r2
 890 0024 A8BF     		it	ge
 891 0026 1546     		movge	r5, r2
 892              	.LVL68:
 358:Library/Src/fifo.c ****   len_to_end = p_fifo->p_end_addr - p_fifo->p_read_addr + 1;
 893              		.loc 1 358 3 is_stmt 1 view .LVU286
 894              		.loc 1 358 43 is_stmt 0 view .LVU287
 895 0028 2169     		ldr	r1, [r4, #16]
 896              	.LVL69:
 897              		.loc 1 358 35 view .LVU288
 898 002a 761A     		subs	r6, r6, r1
 899              		.loc 1 358 14 view .LVU289
 900 002c 0136     		adds	r6, r6, #1
 901              	.LVL70:
 359:Library/Src/fifo.c **** 
 360:Library/Src/fifo.c ****   if (len_to_end >= len) //no rollback
 902              		.loc 1 360 3 is_stmt 1 view .LVU290
 903              		.loc 1 360 6 is_stmt 0 view .LVU291
 904 002e B542     		cmp	r5, r6
 905 0030 11DC     		bgt	.L36
 361:Library/Src/fifo.c ****   {
 362:Library/Src/fifo.c ****     len_to_end = len;
 906              		.loc 1 362 5 is_stmt 1 view .LVU292
 907              	.LVL71:
 363:Library/Src/fifo.c ****     memcpy(p_dest, p_fifo->p_read_addr, len_to_end);
 908              		.loc 1 363 5 view .LVU293
 909 0032 2A46     		mov	r2, r5
 910 0034 3846     		mov	r0, r7
 911              	.LVL72:
 912              		.loc 1 363 5 is_stmt 0 view .LVU294
 913 0036 FFF7FEFF 		bl	memcpy
 914              	.LVL73:
 364:Library/Src/fifo.c ****     p_fifo->p_read_addr += len_to_end;
 915              		.loc 1 364 5 is_stmt 1 view .LVU295
 916              		.loc 1 364 25 is_stmt 0 view .LVU296
 917 003a 2369     		ldr	r3, [r4, #16]
 918 003c 2B44     		add	r3, r3, r5
 919 003e 2361     		str	r3, [r4, #16]
 920              	.LVL74:
 921              	.L37:
 365:Library/Src/fifo.c ****   }
 366:Library/Src/fifo.c ****   else //rollback
 367:Library/Src/fifo.c ****   {
 368:Library/Src/fifo.c ****     len_from_start = len - len_to_end;
 369:Library/Src/fifo.c ****     memcpy(p_dest, p_fifo->p_read_addr, len_to_end);
ARM GAS  C:\Users\cyz19\AppData\Local\Temp\ccXlZxSa.s 			page 32


 370:Library/Src/fifo.c ****     memcpy(p_dest + len_to_end, p_fifo->p_start_addr, len_from_start);
 371:Library/Src/fifo.c ****     p_fifo->p_read_addr = p_fifo->p_start_addr + len_from_start;
 372:Library/Src/fifo.c ****   }
 373:Library/Src/fifo.c **** 
 374:Library/Src/fifo.c ****   p_fifo->free_num += len;
 922              		.loc 1 374 3 is_stmt 1 view .LVU297
 923              		.loc 1 374 20 is_stmt 0 view .LVU298
 924 0040 A368     		ldr	r3, [r4, #8]
 925 0042 2B44     		add	r3, r3, r5
 926 0044 A360     		str	r3, [r4, #8]
 375:Library/Src/fifo.c ****   p_fifo->used_num -= len;
 927              		.loc 1 375 3 is_stmt 1 view .LVU299
 928              		.loc 1 375 20 is_stmt 0 view .LVU300
 929 0046 E368     		ldr	r3, [r4, #12]
 930 0048 5B1B     		subs	r3, r3, r5
 931 004a E360     		str	r3, [r4, #12]
 376:Library/Src/fifo.c ****   retval = len;
 932              		.loc 1 376 3 is_stmt 1 view .LVU301
 933              	.LVL75:
 377:Library/Src/fifo.c ****   //Interrupt On
 378:Library/Src/fifo.c ****   FIFO_RESTORE_CPU_SR(cpu_sr);
 934              		.loc 1 378 3 view .LVU302
 935              	.LBB100:
 936              	.LBI100:
 412:Drivers/CMSIS/Include/cmsis_gcc.h **** {
 937              		.loc 2 412 27 view .LVU303
 938              	.LBB101:
 939              		.loc 2 414 3 view .LVU304
 940              		.syntax unified
 941              	@ 414 "Drivers/CMSIS/Include/cmsis_gcc.h" 1
 942 004c 88F31088 		MSR primask, r8
 943              	@ 0 "" 2
 944              	.LVL76:
 945              		.loc 2 414 3 is_stmt 0 view .LVU305
 946              		.thumb
 947              		.syntax unified
 948              	.LBE101:
 949              	.LBE100:
 379:Library/Src/fifo.c **** 
 380:Library/Src/fifo.c ****   return retval;
 950              		.loc 1 380 3 is_stmt 1 view .LVU306
 951              	.L33:
 381:Library/Src/fifo.c **** end:
 382:Library/Src/fifo.c ****   //Interrupt On
 383:Library/Src/fifo.c ****   FIFO_RESTORE_CPU_SR(cpu_sr);
 384:Library/Src/fifo.c ****   return (-1);
 385:Library/Src/fifo.c **** }
 952              		.loc 1 385 1 is_stmt 0 view .LVU307
 953 0050 2846     		mov	r0, r5
 954 0052 BDE8F883 		pop	{r3, r4, r5, r6, r7, r8, r9, pc}
 955              	.LVL77:
 956              	.L36:
 368:Library/Src/fifo.c ****     memcpy(p_dest, p_fifo->p_read_addr, len_to_end);
 957              		.loc 1 368 5 is_stmt 1 view .LVU308
 368:Library/Src/fifo.c ****     memcpy(p_dest, p_fifo->p_read_addr, len_to_end);
 958              		.loc 1 368 20 is_stmt 0 view .LVU309
 959 0056 A5EB0609 		sub	r9, r5, r6
ARM GAS  C:\Users\cyz19\AppData\Local\Temp\ccXlZxSa.s 			page 33


 960              	.LVL78:
 369:Library/Src/fifo.c ****     memcpy(p_dest + len_to_end, p_fifo->p_start_addr, len_from_start);
 961              		.loc 1 369 5 is_stmt 1 view .LVU310
 962 005a 3246     		mov	r2, r6
 963 005c 3846     		mov	r0, r7
 964              	.LVL79:
 369:Library/Src/fifo.c ****     memcpy(p_dest + len_to_end, p_fifo->p_start_addr, len_from_start);
 965              		.loc 1 369 5 is_stmt 0 view .LVU311
 966 005e FFF7FEFF 		bl	memcpy
 967              	.LVL80:
 370:Library/Src/fifo.c ****     p_fifo->p_read_addr = p_fifo->p_start_addr + len_from_start;
 968              		.loc 1 370 5 is_stmt 1 view .LVU312
 969 0062 4A46     		mov	r2, r9
 970 0064 2168     		ldr	r1, [r4]
 971 0066 B819     		adds	r0, r7, r6
 972 0068 FFF7FEFF 		bl	memcpy
 973              	.LVL81:
 371:Library/Src/fifo.c ****   }
 974              		.loc 1 371 5 view .LVU313
 371:Library/Src/fifo.c ****   }
 975              		.loc 1 371 33 is_stmt 0 view .LVU314
 976 006c 2368     		ldr	r3, [r4]
 371:Library/Src/fifo.c ****   }
 977              		.loc 1 371 48 view .LVU315
 978 006e 4B44     		add	r3, r3, r9
 371:Library/Src/fifo.c ****   }
 979              		.loc 1 371 25 view .LVU316
 980 0070 2361     		str	r3, [r4, #16]
 981 0072 E5E7     		b	.L37
 982              	.LVL82:
 983              	.L34:
 383:Library/Src/fifo.c ****   return (-1);
 984              		.loc 1 383 3 is_stmt 1 view .LVU317
 985              	.LBB102:
 986              	.LBI102:
 412:Drivers/CMSIS/Include/cmsis_gcc.h **** {
 987              		.loc 2 412 27 view .LVU318
 988              	.LBB103:
 989              		.loc 2 414 3 view .LVU319
 990              		.syntax unified
 991              	@ 414 "Drivers/CMSIS/Include/cmsis_gcc.h" 1
 992 0074 88F31088 		MSR primask, r8
 993              	@ 0 "" 2
 994              	.LVL83:
 995              		.loc 2 414 3 is_stmt 0 view .LVU320
 996              		.thumb
 997              		.syntax unified
 998              	.LBE103:
 999              	.LBE102:
 384:Library/Src/fifo.c **** }
 1000              		.loc 1 384 3 is_stmt 1 view .LVU321
 384:Library/Src/fifo.c **** }
 1001              		.loc 1 384 10 is_stmt 0 view .LVU322
 1002 0078 4FF0FF35 		mov	r5, #-1
 1003 007c E8E7     		b	.L33
 1004              		.cfi_endproc
 1005              	.LFE140:
ARM GAS  C:\Users\cyz19\AppData\Local\Temp\ccXlZxSa.s 			page 34


 1007              		.section	.text.fifo_s_gets_noprotect,"ax",%progbits
 1008              		.align	1
 1009              		.global	fifo_s_gets_noprotect
 1010              		.syntax unified
 1011              		.thumb
 1012              		.thumb_func
 1014              	fifo_s_gets_noprotect:
 1015              	.LVL84:
 1016              	.LFB141:
 386:Library/Src/fifo.c **** 
 387:Library/Src/fifo.c **** //******************************************************************************************
 388:Library/Src/fifo.c **** //
 389:Library/Src/fifo.c **** //! \brief  Get some element from FIFO(in single mode).
 390:Library/Src/fifo.c **** //!
 391:Library/Src/fifo.c **** //! \param  [in]  p_fifo is the pointer of valid FIFO.
 392:Library/Src/fifo.c **** //!
 393:Library/Src/fifo.c **** //! \retval the number of really read data.
 394:Library/Src/fifo.c **** //
 395:Library/Src/fifo.c **** //******************************************************************************************
 396:Library/Src/fifo.c **** int fifo_s_gets_noprotect(fifo_s_t *p_fifo, char *p_dest, int len)
 397:Library/Src/fifo.c **** {
 1017              		.loc 1 397 1 is_stmt 1 view -0
 1018              		.cfi_startproc
 1019              		@ args = 0, pretend = 0, frame = 0
 1020              		@ frame_needed = 0, uses_anonymous_args = 0
 1021              		.loc 1 397 1 is_stmt 0 view .LVU324
 1022 0000 2DE9F041 		push	{r4, r5, r6, r7, r8, lr}
 1023              	.LCFI7:
 1024              		.cfi_def_cfa_offset 24
 1025              		.cfi_offset 4, -24
 1026              		.cfi_offset 5, -20
 1027              		.cfi_offset 6, -16
 1028              		.cfi_offset 7, -12
 1029              		.cfi_offset 8, -8
 1030              		.cfi_offset 14, -4
 398:Library/Src/fifo.c ****   int retval;
 1031              		.loc 1 398 3 is_stmt 1 view .LVU325
 399:Library/Src/fifo.c ****   int len_to_end;
 1032              		.loc 1 399 3 view .LVU326
 400:Library/Src/fifo.c ****   int len_from_start;
 1033              		.loc 1 400 3 view .LVU327
 401:Library/Src/fifo.c **** 
 402:Library/Src/fifo.c ****   ASSERT(p_fifo);
 1034              		.loc 1 402 17 view .LVU328
 403:Library/Src/fifo.c **** 
 404:Library/Src/fifo.c ****   if (NULL == p_dest)
 1035              		.loc 1 404 3 view .LVU329
 1036              		.loc 1 404 6 is_stmt 0 view .LVU330
 1037 0004 81B3     		cbz	r1, .L45
 1038 0006 0446     		mov	r4, r0
 1039 0008 0F46     		mov	r7, r1
 405:Library/Src/fifo.c ****     return -1;
 406:Library/Src/fifo.c **** 
 407:Library/Src/fifo.c ****   if (0 == p_fifo->used_num)
 1040              		.loc 1 407 3 is_stmt 1 view .LVU331
 1041              		.loc 1 407 18 is_stmt 0 view .LVU332
 1042 000a C568     		ldr	r5, [r0, #12]
ARM GAS  C:\Users\cyz19\AppData\Local\Temp\ccXlZxSa.s 			page 35


 1043              		.loc 1 407 6 view .LVU333
 1044 000c D5B1     		cbz	r5, .L40
 408:Library/Src/fifo.c ****     return 0;
 409:Library/Src/fifo.c **** 
 410:Library/Src/fifo.c ****   if (p_fifo->p_read_addr > p_fifo->p_end_addr)
 1045              		.loc 1 410 3 is_stmt 1 view .LVU334
 1046              		.loc 1 410 13 is_stmt 0 view .LVU335
 1047 000e 0369     		ldr	r3, [r0, #16]
 1048              		.loc 1 410 35 view .LVU336
 1049 0010 4668     		ldr	r6, [r0, #4]
 1050              		.loc 1 410 6 view .LVU337
 1051 0012 B342     		cmp	r3, r6
 1052 0014 01D9     		bls	.L42
 411:Library/Src/fifo.c ****     p_fifo->p_read_addr = p_fifo->p_start_addr;
 1053              		.loc 1 411 5 is_stmt 1 view .LVU338
 1054              		.loc 1 411 33 is_stmt 0 view .LVU339
 1055 0016 0368     		ldr	r3, [r0]
 1056              		.loc 1 411 25 view .LVU340
 1057 0018 0361     		str	r3, [r0, #16]
 1058              	.L42:
 412:Library/Src/fifo.c **** 
 413:Library/Src/fifo.c ****   len = (len < p_fifo->used_num) ? len : p_fifo->used_num;
 1059              		.loc 1 413 3 is_stmt 1 view .LVU341
 1060              		.loc 1 413 7 is_stmt 0 view .LVU342
 1061 001a 9542     		cmp	r5, r2
 1062 001c A8BF     		it	ge
 1063 001e 1546     		movge	r5, r2
 1064              	.LVL85:
 414:Library/Src/fifo.c ****   len_to_end = p_fifo->p_end_addr - p_fifo->p_read_addr + 1;
 1065              		.loc 1 414 3 is_stmt 1 view .LVU343
 1066              		.loc 1 414 43 is_stmt 0 view .LVU344
 1067 0020 2169     		ldr	r1, [r4, #16]
 1068              	.LVL86:
 1069              		.loc 1 414 35 view .LVU345
 1070 0022 761A     		subs	r6, r6, r1
 1071              		.loc 1 414 14 view .LVU346
 1072 0024 0136     		adds	r6, r6, #1
 1073              	.LVL87:
 415:Library/Src/fifo.c **** 
 416:Library/Src/fifo.c ****   if (len_to_end >= len) //no rollback
 1074              		.loc 1 416 3 is_stmt 1 view .LVU347
 1075              		.loc 1 416 6 is_stmt 0 view .LVU348
 1076 0026 B542     		cmp	r5, r6
 1077 0028 0FDC     		bgt	.L43
 417:Library/Src/fifo.c ****   {
 418:Library/Src/fifo.c ****     len_to_end = len;
 1078              		.loc 1 418 5 is_stmt 1 view .LVU349
 1079              	.LVL88:
 419:Library/Src/fifo.c ****     memcpy(p_dest, p_fifo->p_read_addr, len_to_end);
 1080              		.loc 1 419 5 view .LVU350
 1081 002a 2A46     		mov	r2, r5
 1082 002c 3846     		mov	r0, r7
 1083              	.LVL89:
 1084              		.loc 1 419 5 is_stmt 0 view .LVU351
 1085 002e FFF7FEFF 		bl	memcpy
 1086              	.LVL90:
 420:Library/Src/fifo.c ****     p_fifo->p_read_addr += len_to_end;
ARM GAS  C:\Users\cyz19\AppData\Local\Temp\ccXlZxSa.s 			page 36


 1087              		.loc 1 420 5 is_stmt 1 view .LVU352
 1088              		.loc 1 420 25 is_stmt 0 view .LVU353
 1089 0032 2369     		ldr	r3, [r4, #16]
 1090 0034 2B44     		add	r3, r3, r5
 1091 0036 2361     		str	r3, [r4, #16]
 1092              	.LVL91:
 1093              	.L44:
 421:Library/Src/fifo.c ****   }
 422:Library/Src/fifo.c ****   else //rollback
 423:Library/Src/fifo.c ****   {
 424:Library/Src/fifo.c ****     len_from_start = len - len_to_end;
 425:Library/Src/fifo.c ****     memcpy(p_dest, p_fifo->p_read_addr, len_to_end);
 426:Library/Src/fifo.c ****     memcpy(p_dest + len_to_end, p_fifo->p_start_addr, len_from_start);
 427:Library/Src/fifo.c ****     p_fifo->p_read_addr = p_fifo->p_start_addr + len_from_start;
 428:Library/Src/fifo.c ****   }
 429:Library/Src/fifo.c **** 
 430:Library/Src/fifo.c ****   p_fifo->free_num += len;
 1094              		.loc 1 430 3 is_stmt 1 view .LVU354
 1095              		.loc 1 430 20 is_stmt 0 view .LVU355
 1096 0038 A368     		ldr	r3, [r4, #8]
 1097 003a 2B44     		add	r3, r3, r5
 1098 003c A360     		str	r3, [r4, #8]
 431:Library/Src/fifo.c ****   p_fifo->used_num -= len;
 1099              		.loc 1 431 3 is_stmt 1 view .LVU356
 1100              		.loc 1 431 20 is_stmt 0 view .LVU357
 1101 003e E368     		ldr	r3, [r4, #12]
 1102 0040 5B1B     		subs	r3, r3, r5
 1103 0042 E360     		str	r3, [r4, #12]
 432:Library/Src/fifo.c ****   retval = len;
 1104              		.loc 1 432 3 is_stmt 1 view .LVU358
 1105              	.LVL92:
 433:Library/Src/fifo.c **** 
 434:Library/Src/fifo.c ****   return retval;
 1106              		.loc 1 434 3 view .LVU359
 1107              	.L40:
 435:Library/Src/fifo.c **** }
 1108              		.loc 1 435 1 is_stmt 0 view .LVU360
 1109 0044 2846     		mov	r0, r5
 1110 0046 BDE8F081 		pop	{r4, r5, r6, r7, r8, pc}
 1111              	.LVL93:
 1112              	.L43:
 424:Library/Src/fifo.c ****     memcpy(p_dest, p_fifo->p_read_addr, len_to_end);
 1113              		.loc 1 424 5 is_stmt 1 view .LVU361
 424:Library/Src/fifo.c ****     memcpy(p_dest, p_fifo->p_read_addr, len_to_end);
 1114              		.loc 1 424 20 is_stmt 0 view .LVU362
 1115 004a A5EB0608 		sub	r8, r5, r6
 1116              	.LVL94:
 425:Library/Src/fifo.c ****     memcpy(p_dest + len_to_end, p_fifo->p_start_addr, len_from_start);
 1117              		.loc 1 425 5 is_stmt 1 view .LVU363
 1118 004e 3246     		mov	r2, r6
 1119 0050 3846     		mov	r0, r7
 1120              	.LVL95:
 425:Library/Src/fifo.c ****     memcpy(p_dest + len_to_end, p_fifo->p_start_addr, len_from_start);
 1121              		.loc 1 425 5 is_stmt 0 view .LVU364
 1122 0052 FFF7FEFF 		bl	memcpy
 1123              	.LVL96:
 426:Library/Src/fifo.c ****     p_fifo->p_read_addr = p_fifo->p_start_addr + len_from_start;
ARM GAS  C:\Users\cyz19\AppData\Local\Temp\ccXlZxSa.s 			page 37


 1124              		.loc 1 426 5 is_stmt 1 view .LVU365
 1125 0056 4246     		mov	r2, r8
 1126 0058 2168     		ldr	r1, [r4]
 1127 005a B819     		adds	r0, r7, r6
 1128 005c FFF7FEFF 		bl	memcpy
 1129              	.LVL97:
 427:Library/Src/fifo.c ****   }
 1130              		.loc 1 427 5 view .LVU366
 427:Library/Src/fifo.c ****   }
 1131              		.loc 1 427 33 is_stmt 0 view .LVU367
 1132 0060 2368     		ldr	r3, [r4]
 427:Library/Src/fifo.c ****   }
 1133              		.loc 1 427 48 view .LVU368
 1134 0062 4344     		add	r3, r3, r8
 427:Library/Src/fifo.c ****   }
 1135              		.loc 1 427 25 view .LVU369
 1136 0064 2361     		str	r3, [r4, #16]
 1137 0066 E7E7     		b	.L44
 1138              	.LVL98:
 1139              	.L45:
 405:Library/Src/fifo.c **** 
 1140              		.loc 1 405 12 view .LVU370
 1141 0068 4FF0FF35 		mov	r5, #-1
 1142 006c EAE7     		b	.L40
 1143              		.cfi_endproc
 1144              	.LFE141:
 1146              		.section	.text.fifo_s_preread,"ax",%progbits
 1147              		.align	1
 1148              		.global	fifo_s_preread
 1149              		.syntax unified
 1150              		.thumb
 1151              		.thumb_func
 1153              	fifo_s_preread:
 1154              	.LVL99:
 1155              	.LFB142:
 436:Library/Src/fifo.c **** 
 437:Library/Src/fifo.c **** //******************************************************************************************
 438:Library/Src/fifo.c **** //
 439:Library/Src/fifo.c **** //! \brief  Pre-Read an element from FIFO(in single mode).
 440:Library/Src/fifo.c **** //!
 441:Library/Src/fifo.c **** //! \param  [in]  p_fifo is the pointer of valid FIFO.
 442:Library/Src/fifo.c **** //! \param  [in]  Offset is the offset from current pointer.
 443:Library/Src/fifo.c **** //!
 444:Library/Src/fifo.c **** //! \retval the data element of FIFO.
 445:Library/Src/fifo.c **** //
 446:Library/Src/fifo.c **** //******************************************************************************************
 447:Library/Src/fifo.c **** char fifo_s_preread(fifo_s_t *p_fifo, int offset)
 448:Library/Src/fifo.c **** {
 1156              		.loc 1 448 1 is_stmt 1 view -0
 1157              		.cfi_startproc
 1158              		@ args = 0, pretend = 0, frame = 0
 1159              		@ frame_needed = 0, uses_anonymous_args = 0
 1160              		@ link register save eliminated.
 449:Library/Src/fifo.c ****   char *tmp_read_addr;
 1161              		.loc 1 449 3 view .LVU372
 450:Library/Src/fifo.c **** 
 451:Library/Src/fifo.c ****   //! Check input parameters.
ARM GAS  C:\Users\cyz19\AppData\Local\Temp\ccXlZxSa.s 			page 38


 452:Library/Src/fifo.c ****   ASSERT(p_fifo);
 1162              		.loc 1 452 17 view .LVU373
 453:Library/Src/fifo.c **** 
 454:Library/Src/fifo.c ****   if (offset > p_fifo->used_num)
 1163              		.loc 1 454 3 view .LVU374
 1164              		.loc 1 454 22 is_stmt 0 view .LVU375
 1165 0000 C368     		ldr	r3, [r0, #12]
 1166              		.loc 1 454 6 view .LVU376
 1167 0002 8B42     		cmp	r3, r1
 1168 0004 0ADB     		blt	.L50
 455:Library/Src/fifo.c ****   {
 456:Library/Src/fifo.c ****     return 0;
 457:Library/Src/fifo.c ****   }
 458:Library/Src/fifo.c ****   else
 459:Library/Src/fifo.c ****   {
 460:Library/Src/fifo.c ****     // Move Read Pointer to right position
 461:Library/Src/fifo.c ****     tmp_read_addr = p_fifo->p_read_addr + offset;
 1169              		.loc 1 461 5 is_stmt 1 view .LVU377
 1170              		.loc 1 461 27 is_stmt 0 view .LVU378
 1171 0006 0369     		ldr	r3, [r0, #16]
 1172              		.loc 1 461 19 view .LVU379
 1173 0008 1944     		add	r1, r1, r3
 1174              	.LVL100:
 462:Library/Src/fifo.c ****     if (tmp_read_addr > p_fifo->p_end_addr)
 1175              		.loc 1 462 5 is_stmt 1 view .LVU380
 1176              		.loc 1 462 31 is_stmt 0 view .LVU381
 1177 000a 4368     		ldr	r3, [r0, #4]
 1178              		.loc 1 462 8 view .LVU382
 1179 000c 8B42     		cmp	r3, r1
 1180 000e 03D2     		bcs	.L49
 463:Library/Src/fifo.c ****       tmp_read_addr = tmp_read_addr - p_fifo->p_end_addr + p_fifo->p_start_addr - 1;
 1181              		.loc 1 463 7 is_stmt 1 view .LVU383
 1182              		.loc 1 463 66 is_stmt 0 view .LVU384
 1183 0010 0268     		ldr	r2, [r0]
 1184              		.loc 1 463 37 view .LVU385
 1185 0012 C91A     		subs	r1, r1, r3
 1186              	.LVL101:
 1187              		.loc 1 463 81 view .LVU386
 1188 0014 0139     		subs	r1, r1, #1
 1189              		.loc 1 463 21 view .LVU387
 1190 0016 1144     		add	r1, r1, r2
 1191              	.LVL102:
 1192              	.L49:
 464:Library/Src/fifo.c **** 
 465:Library/Src/fifo.c ****     return *tmp_read_addr;
 1193              		.loc 1 465 5 is_stmt 1 view .LVU388
 1194              		.loc 1 465 12 is_stmt 0 view .LVU389
 1195 0018 0878     		ldrb	r0, [r1]	@ zero_extendqisi2
 1196              	.LVL103:
 1197              		.loc 1 465 12 view .LVU390
 1198 001a 7047     		bx	lr
 1199              	.LVL104:
 1200              	.L50:
 456:Library/Src/fifo.c ****   }
 1201              		.loc 1 456 12 view .LVU391
 1202 001c 0020     		movs	r0, #0
 1203              	.LVL105:
ARM GAS  C:\Users\cyz19\AppData\Local\Temp\ccXlZxSa.s 			page 39


 466:Library/Src/fifo.c ****   }
 467:Library/Src/fifo.c **** }
 1204              		.loc 1 467 1 view .LVU392
 1205 001e 7047     		bx	lr
 1206              		.cfi_endproc
 1207              	.LFE142:
 1209              		.section	.text.fifo_s_prereads,"ax",%progbits
 1210              		.align	1
 1211              		.global	fifo_s_prereads
 1212              		.syntax unified
 1213              		.thumb
 1214              		.thumb_func
 1216              	fifo_s_prereads:
 1217              	.LVL106:
 1218              	.LFB143:
 468:Library/Src/fifo.c **** 
 469:Library/Src/fifo.c **** /*
 470:Library/Src/fifo.c ****  *
 471:Library/Src/fifo.c ****  *
 472:Library/Src/fifo.c ****  *
 473:Library/Src/fifo.c ****  *
 474:Library/Src/fifo.c ****  */
 475:Library/Src/fifo.c **** int fifo_s_prereads(fifo_s_t *p_fifo, char *p_dest, int offset, int len)
 476:Library/Src/fifo.c **** {
 1219              		.loc 1 476 1 is_stmt 1 view -0
 1220              		.cfi_startproc
 1221              		@ args = 0, pretend = 0, frame = 0
 1222              		@ frame_needed = 0, uses_anonymous_args = 0
 1223              		.loc 1 476 1 is_stmt 0 view .LVU394
 1224 0000 2DE9F843 		push	{r3, r4, r5, r6, r7, r8, r9, lr}
 1225              	.LCFI8:
 1226              		.cfi_def_cfa_offset 32
 1227              		.cfi_offset 3, -32
 1228              		.cfi_offset 4, -28
 1229              		.cfi_offset 5, -24
 1230              		.cfi_offset 6, -20
 1231              		.cfi_offset 7, -16
 1232              		.cfi_offset 8, -12
 1233              		.cfi_offset 9, -8
 1234              		.cfi_offset 14, -4
 477:Library/Src/fifo.c ****   FIFO_CPU_SR_TYPE cpu_sr;
 1235              		.loc 1 477 3 is_stmt 1 view .LVU395
 478:Library/Src/fifo.c ****   int retval;
 1236              		.loc 1 478 3 view .LVU396
 479:Library/Src/fifo.c ****   char *tmp_read_addr;
 1237              		.loc 1 479 3 view .LVU397
 480:Library/Src/fifo.c ****   int len_to_end;
 1238              		.loc 1 480 3 view .LVU398
 481:Library/Src/fifo.c ****   int len_from_start;
 1239              		.loc 1 481 3 view .LVU399
 482:Library/Src/fifo.c **** 
 483:Library/Src/fifo.c ****   ASSERT(p_fifo);
 1240              		.loc 1 483 17 view .LVU400
 484:Library/Src/fifo.c **** 
 485:Library/Src/fifo.c ****   //Interrupt Off;
 486:Library/Src/fifo.c ****   cpu_sr = FIFO_GET_CPU_SR();
 1241              		.loc 1 486 3 view .LVU401
ARM GAS  C:\Users\cyz19\AppData\Local\Temp\ccXlZxSa.s 			page 40


 1242              	.LBB104:
 1243              	.LBI104:
 382:Drivers/CMSIS/Include/cmsis_gcc.h **** {
 1244              		.loc 2 382 31 view .LVU402
 1245              	.LBB105:
 384:Drivers/CMSIS/Include/cmsis_gcc.h **** 
 1246              		.loc 2 384 3 view .LVU403
 386:Drivers/CMSIS/Include/cmsis_gcc.h ****   return(result);
 1247              		.loc 2 386 3 view .LVU404
 1248              		.syntax unified
 1249              	@ 386 "Drivers/CMSIS/Include/cmsis_gcc.h" 1
 1250 0004 EFF31088 		MRS r8, primask
 1251              	@ 0 "" 2
 1252              	.LVL107:
 387:Drivers/CMSIS/Include/cmsis_gcc.h **** }
 1253              		.loc 2 387 3 view .LVU405
 387:Drivers/CMSIS/Include/cmsis_gcc.h **** }
 1254              		.loc 2 387 3 is_stmt 0 view .LVU406
 1255              		.thumb
 1256              		.syntax unified
 1257              	.LBE105:
 1258              	.LBE104:
 487:Library/Src/fifo.c ****   FIFO_ENTER_CRITICAL();
 1259              		.loc 1 487 3 is_stmt 1 view .LVU407
 1260              	.LBB106:
 1261              	.LBI106:
 140:Drivers/CMSIS/Include/cmsis_gcc.h **** {
 1262              		.loc 2 140 27 view .LVU408
 1263              	.LBB107:
 142:Drivers/CMSIS/Include/cmsis_gcc.h **** }
 1264              		.loc 2 142 3 view .LVU409
 1265              		.syntax unified
 1266              	@ 142 "Drivers/CMSIS/Include/cmsis_gcc.h" 1
 1267 0008 72B6     		cpsid i
 1268              	@ 0 "" 2
 1269              		.thumb
 1270              		.syntax unified
 1271              	.LBE107:
 1272              	.LBE106:
 488:Library/Src/fifo.c **** 
 489:Library/Src/fifo.c ****   if (NULL == p_dest)
 1273              		.loc 1 489 3 view .LVU410
 1274              		.loc 1 489 6 is_stmt 0 view .LVU411
 1275 000a 59B3     		cbz	r1, .L52
 1276 000c 0646     		mov	r6, r0
 1277 000e 0F46     		mov	r7, r1
 490:Library/Src/fifo.c ****     goto end;
 491:Library/Src/fifo.c **** 
 492:Library/Src/fifo.c ****   if (0 == p_fifo->used_num)
 1278              		.loc 1 492 3 is_stmt 1 view .LVU412
 1279              		.loc 1 492 18 is_stmt 0 view .LVU413
 1280 0010 C568     		ldr	r5, [r0, #12]
 1281              		.loc 1 492 6 view .LVU414
 1282 0012 3DB3     		cbz	r5, .L52
 493:Library/Src/fifo.c ****     goto end;
 494:Library/Src/fifo.c **** 
 495:Library/Src/fifo.c ****   if (offset >= p_fifo->used_num)
ARM GAS  C:\Users\cyz19\AppData\Local\Temp\ccXlZxSa.s 			page 41


 1283              		.loc 1 495 3 is_stmt 1 view .LVU415
 1284              		.loc 1 495 6 is_stmt 0 view .LVU416
 1285 0014 9542     		cmp	r5, r2
 1286 0016 25DD     		ble	.L52
 496:Library/Src/fifo.c ****     goto end;
 497:Library/Src/fifo.c **** 
 498:Library/Src/fifo.c ****   tmp_read_addr = p_fifo->p_read_addr + offset;
 1287              		.loc 1 498 3 is_stmt 1 view .LVU417
 1288              		.loc 1 498 25 is_stmt 0 view .LVU418
 1289 0018 0169     		ldr	r1, [r0, #16]
 1290              	.LVL108:
 1291              		.loc 1 498 17 view .LVU419
 1292 001a 1144     		add	r1, r1, r2
 1293              	.LVL109:
 499:Library/Src/fifo.c ****   if (tmp_read_addr > p_fifo->p_end_addr)
 1294              		.loc 1 499 3 is_stmt 1 view .LVU420
 1295              		.loc 1 499 29 is_stmt 0 view .LVU421
 1296 001c 4468     		ldr	r4, [r0, #4]
 1297              		.loc 1 499 6 view .LVU422
 1298 001e 8C42     		cmp	r4, r1
 1299 0020 03D2     		bcs	.L53
 500:Library/Src/fifo.c ****     tmp_read_addr = tmp_read_addr - p_fifo->p_end_addr + p_fifo->p_start_addr - 1;
 1300              		.loc 1 500 5 is_stmt 1 view .LVU423
 1301              		.loc 1 500 64 is_stmt 0 view .LVU424
 1302 0022 0068     		ldr	r0, [r0]
 1303              	.LVL110:
 1304              		.loc 1 500 35 view .LVU425
 1305 0024 091B     		subs	r1, r1, r4
 1306              	.LVL111:
 1307              		.loc 1 500 79 view .LVU426
 1308 0026 0139     		subs	r1, r1, #1
 1309              		.loc 1 500 19 view .LVU427
 1310 0028 0144     		add	r1, r1, r0
 1311              	.LVL112:
 1312              	.L53:
 501:Library/Src/fifo.c **** 
 502:Library/Src/fifo.c ****   len = (len < (p_fifo->used_num - offset)) ? len : (p_fifo->used_num - offset);
 1313              		.loc 1 502 3 is_stmt 1 view .LVU428
 1314              		.loc 1 502 34 is_stmt 0 view .LVU429
 1315 002a AD1A     		subs	r5, r5, r2
 1316              		.loc 1 502 7 view .LVU430
 1317 002c 9D42     		cmp	r5, r3
 1318 002e A8BF     		it	ge
 1319 0030 1D46     		movge	r5, r3
 1320              	.LVL113:
 503:Library/Src/fifo.c ****   len_to_end = p_fifo->p_end_addr - tmp_read_addr + 1;
 1321              		.loc 1 503 3 is_stmt 1 view .LVU431
 1322              		.loc 1 503 35 is_stmt 0 view .LVU432
 1323 0032 641A     		subs	r4, r4, r1
 1324              		.loc 1 503 14 view .LVU433
 1325 0034 0134     		adds	r4, r4, #1
 1326              	.LVL114:
 504:Library/Src/fifo.c **** 
 505:Library/Src/fifo.c ****   if (len_to_end >= len) //no rollback
 1327              		.loc 1 505 3 is_stmt 1 view .LVU434
 1328              		.loc 1 505 6 is_stmt 0 view .LVU435
 1329 0036 A542     		cmp	r5, r4
ARM GAS  C:\Users\cyz19\AppData\Local\Temp\ccXlZxSa.s 			page 42


 1330 0038 08DC     		bgt	.L54
 506:Library/Src/fifo.c ****   {
 507:Library/Src/fifo.c ****     len_to_end = len;
 1331              		.loc 1 507 5 is_stmt 1 view .LVU436
 1332              	.LVL115:
 508:Library/Src/fifo.c ****     memcpy(p_dest, tmp_read_addr, len_to_end);
 1333              		.loc 1 508 5 view .LVU437
 1334 003a 2A46     		mov	r2, r5
 1335              	.LVL116:
 1336              		.loc 1 508 5 is_stmt 0 view .LVU438
 1337 003c 3846     		mov	r0, r7
 1338 003e FFF7FEFF 		bl	memcpy
 1339              	.LVL117:
 1340              	.L55:
 509:Library/Src/fifo.c ****   }
 510:Library/Src/fifo.c ****   else //rollback
 511:Library/Src/fifo.c ****   {
 512:Library/Src/fifo.c ****     len_from_start = len - len_to_end;
 513:Library/Src/fifo.c ****     memcpy(p_dest, tmp_read_addr, len_to_end);
 514:Library/Src/fifo.c ****     memcpy(p_dest + len_to_end, p_fifo->p_start_addr, len_from_start);
 515:Library/Src/fifo.c ****   }
 516:Library/Src/fifo.c **** 
 517:Library/Src/fifo.c ****   retval = len;
 1341              		.loc 1 517 3 is_stmt 1 view .LVU439
 518:Library/Src/fifo.c ****   //Interrupt On
 519:Library/Src/fifo.c ****   FIFO_RESTORE_CPU_SR(cpu_sr);
 1342              		.loc 1 519 3 view .LVU440
 1343              	.LBB108:
 1344              	.LBI108:
 412:Drivers/CMSIS/Include/cmsis_gcc.h **** {
 1345              		.loc 2 412 27 view .LVU441
 1346              	.LBB109:
 1347              		.loc 2 414 3 view .LVU442
 1348              		.syntax unified
 1349              	@ 414 "Drivers/CMSIS/Include/cmsis_gcc.h" 1
 1350 0042 88F31088 		MSR primask, r8
 1351              	@ 0 "" 2
 1352              	.LVL118:
 1353              		.loc 2 414 3 is_stmt 0 view .LVU443
 1354              		.thumb
 1355              		.syntax unified
 1356              	.LBE109:
 1357              	.LBE108:
 520:Library/Src/fifo.c **** 
 521:Library/Src/fifo.c ****   return retval;
 1358              		.loc 1 521 3 is_stmt 1 view .LVU444
 1359              	.L51:
 522:Library/Src/fifo.c **** end:
 523:Library/Src/fifo.c ****   //Interrupt On
 524:Library/Src/fifo.c ****   FIFO_RESTORE_CPU_SR(cpu_sr);
 525:Library/Src/fifo.c ****   return (-1);
 526:Library/Src/fifo.c **** }
 1360              		.loc 1 526 1 is_stmt 0 view .LVU445
 1361 0046 2846     		mov	r0, r5
 1362 0048 BDE8F883 		pop	{r3, r4, r5, r6, r7, r8, r9, pc}
 1363              	.LVL119:
 1364              	.L54:
ARM GAS  C:\Users\cyz19\AppData\Local\Temp\ccXlZxSa.s 			page 43


 512:Library/Src/fifo.c ****     memcpy(p_dest, tmp_read_addr, len_to_end);
 1365              		.loc 1 512 5 is_stmt 1 view .LVU446
 512:Library/Src/fifo.c ****     memcpy(p_dest, tmp_read_addr, len_to_end);
 1366              		.loc 1 512 20 is_stmt 0 view .LVU447
 1367 004c A5EB0409 		sub	r9, r5, r4
 1368              	.LVL120:
 513:Library/Src/fifo.c ****     memcpy(p_dest + len_to_end, p_fifo->p_start_addr, len_from_start);
 1369              		.loc 1 513 5 is_stmt 1 view .LVU448
 1370 0050 2246     		mov	r2, r4
 1371              	.LVL121:
 513:Library/Src/fifo.c ****     memcpy(p_dest + len_to_end, p_fifo->p_start_addr, len_from_start);
 1372              		.loc 1 513 5 is_stmt 0 view .LVU449
 1373 0052 3846     		mov	r0, r7
 1374 0054 FFF7FEFF 		bl	memcpy
 1375              	.LVL122:
 514:Library/Src/fifo.c ****   }
 1376              		.loc 1 514 5 is_stmt 1 view .LVU450
 1377 0058 4A46     		mov	r2, r9
 1378 005a 3168     		ldr	r1, [r6]
 1379 005c 3819     		adds	r0, r7, r4
 1380 005e FFF7FEFF 		bl	memcpy
 1381              	.LVL123:
 1382 0062 EEE7     		b	.L55
 1383              	.LVL124:
 1384              	.L52:
 524:Library/Src/fifo.c ****   return (-1);
 1385              		.loc 1 524 3 view .LVU451
 1386              	.LBB110:
 1387              	.LBI110:
 412:Drivers/CMSIS/Include/cmsis_gcc.h **** {
 1388              		.loc 2 412 27 view .LVU452
 1389              	.LBB111:
 1390              		.loc 2 414 3 view .LVU453
 1391              		.syntax unified
 1392              	@ 414 "Drivers/CMSIS/Include/cmsis_gcc.h" 1
 1393 0064 88F31088 		MSR primask, r8
 1394              	@ 0 "" 2
 1395              	.LVL125:
 1396              		.loc 2 414 3 is_stmt 0 view .LVU454
 1397              		.thumb
 1398              		.syntax unified
 1399              	.LBE111:
 1400              	.LBE110:
 525:Library/Src/fifo.c **** }
 1401              		.loc 1 525 3 is_stmt 1 view .LVU455
 525:Library/Src/fifo.c **** }
 1402              		.loc 1 525 10 is_stmt 0 view .LVU456
 1403 0068 4FF0FF35 		mov	r5, #-1
 1404 006c EBE7     		b	.L51
 1405              		.cfi_endproc
 1406              	.LFE143:
 1408              		.section	.text.fifo_s_isempty,"ax",%progbits
 1409              		.align	1
 1410              		.global	fifo_s_isempty
 1411              		.syntax unified
 1412              		.thumb
 1413              		.thumb_func
ARM GAS  C:\Users\cyz19\AppData\Local\Temp\ccXlZxSa.s 			page 44


 1415              	fifo_s_isempty:
 1416              	.LVL126:
 1417              	.LFB144:
 527:Library/Src/fifo.c **** 
 528:Library/Src/fifo.c **** //******************************************************************************************
 529:Library/Src/fifo.c **** //
 530:Library/Src/fifo.c **** //! \brief  FIFO is empty (in single mode)?
 531:Library/Src/fifo.c **** //!
 532:Library/Src/fifo.c **** //! \param  [in] p_fifo is the pointer of valid FIFO.
 533:Library/Src/fifo.c **** //!
 534:Library/Src/fifo.c **** //! \retval - None-zero(true) if empty.
 535:Library/Src/fifo.c **** //!         - Zero(false) if not empty.
 536:Library/Src/fifo.c **** //
 537:Library/Src/fifo.c **** //******************************************************************************************
 538:Library/Src/fifo.c **** char fifo_s_isempty(fifo_s_t *p_fifo)
 539:Library/Src/fifo.c **** {
 1418              		.loc 1 539 1 is_stmt 1 view -0
 1419              		.cfi_startproc
 1420              		@ args = 0, pretend = 0, frame = 0
 1421              		@ frame_needed = 0, uses_anonymous_args = 0
 1422              		@ link register save eliminated.
 540:Library/Src/fifo.c ****   //! Check input parameter.
 541:Library/Src/fifo.c ****   ASSERT(p_fifo);
 1423              		.loc 1 541 17 view .LVU458
 542:Library/Src/fifo.c ****   return (p_fifo->used_num ? 0 : 1);
 1424              		.loc 1 542 3 view .LVU459
 1425              		.loc 1 542 17 is_stmt 0 view .LVU460
 1426 0000 C068     		ldr	r0, [r0, #12]
 1427              	.LVL127:
 543:Library/Src/fifo.c **** }
 1428              		.loc 1 543 1 view .LVU461
 1429 0002 B0FA80F0 		clz	r0, r0
 1430 0006 4009     		lsrs	r0, r0, #5
 1431 0008 7047     		bx	lr
 1432              		.cfi_endproc
 1433              	.LFE144:
 1435              		.section	.text.fifo_s_isfull,"ax",%progbits
 1436              		.align	1
 1437              		.global	fifo_s_isfull
 1438              		.syntax unified
 1439              		.thumb
 1440              		.thumb_func
 1442              	fifo_s_isfull:
 1443              	.LVL128:
 1444              	.LFB145:
 544:Library/Src/fifo.c **** 
 545:Library/Src/fifo.c **** //******************************************************************************************
 546:Library/Src/fifo.c **** //
 547:Library/Src/fifo.c **** //! \brief  FIFO is full (in single mode)?
 548:Library/Src/fifo.c **** //!
 549:Library/Src/fifo.c **** //! \param  [in] p_fifo is the pointer of valid FIFO.
 550:Library/Src/fifo.c **** //!
 551:Library/Src/fifo.c **** //! \retval - None-zero(true) if full.
 552:Library/Src/fifo.c **** //!         - Zero(false) if not full.
 553:Library/Src/fifo.c **** //
 554:Library/Src/fifo.c **** //******************************************************************************************
 555:Library/Src/fifo.c **** char fifo_s_isfull(fifo_s_t *p_fifo)
ARM GAS  C:\Users\cyz19\AppData\Local\Temp\ccXlZxSa.s 			page 45


 556:Library/Src/fifo.c **** {
 1445              		.loc 1 556 1 is_stmt 1 view -0
 1446              		.cfi_startproc
 1447              		@ args = 0, pretend = 0, frame = 0
 1448              		@ frame_needed = 0, uses_anonymous_args = 0
 1449              		@ link register save eliminated.
 557:Library/Src/fifo.c ****   //! Check input parameter.
 558:Library/Src/fifo.c ****   ASSERT(p_fifo);
 1450              		.loc 1 558 17 view .LVU463
 559:Library/Src/fifo.c ****   return (p_fifo->free_num ? 0 : 1);
 1451              		.loc 1 559 3 view .LVU464
 1452              		.loc 1 559 17 is_stmt 0 view .LVU465
 1453 0000 8068     		ldr	r0, [r0, #8]
 1454              	.LVL129:
 560:Library/Src/fifo.c **** }
 1455              		.loc 1 560 1 view .LVU466
 1456 0002 B0FA80F0 		clz	r0, r0
 1457 0006 4009     		lsrs	r0, r0, #5
 1458 0008 7047     		bx	lr
 1459              		.cfi_endproc
 1460              	.LFE145:
 1462              		.section	.text.fifo_s_used,"ax",%progbits
 1463              		.align	1
 1464              		.global	fifo_s_used
 1465              		.syntax unified
 1466              		.thumb
 1467              		.thumb_func
 1469              	fifo_s_used:
 1470              	.LVL130:
 1471              	.LFB146:
 561:Library/Src/fifo.c **** 
 562:Library/Src/fifo.c **** //******************************************************************************************
 563:Library/Src/fifo.c **** //
 564:Library/Src/fifo.c **** //! \brief  Get FIFO the number of elements(in single mode)?
 565:Library/Src/fifo.c **** //!
 566:Library/Src/fifo.c **** //! \param  [in] p_fifo is the pointer of valid FIFO.
 567:Library/Src/fifo.c **** //!
 568:Library/Src/fifo.c **** //! \retval The number of elements in FIFO.
 569:Library/Src/fifo.c **** //
 570:Library/Src/fifo.c **** //******************************************************************************************
 571:Library/Src/fifo.c **** int fifo_s_used(fifo_s_t *p_fifo)
 572:Library/Src/fifo.c **** {
 1472              		.loc 1 572 1 is_stmt 1 view -0
 1473              		.cfi_startproc
 1474              		@ args = 0, pretend = 0, frame = 0
 1475              		@ frame_needed = 0, uses_anonymous_args = 0
 1476              		@ link register save eliminated.
 573:Library/Src/fifo.c ****   //! Check input parameter.
 574:Library/Src/fifo.c ****   ASSERT(p_fifo);
 1477              		.loc 1 574 17 view .LVU468
 575:Library/Src/fifo.c ****   return p_fifo->used_num;
 1478              		.loc 1 575 3 view .LVU469
 576:Library/Src/fifo.c **** }
 1479              		.loc 1 576 1 is_stmt 0 view .LVU470
 1480 0000 C068     		ldr	r0, [r0, #12]
 1481              	.LVL131:
 1482              		.loc 1 576 1 view .LVU471
ARM GAS  C:\Users\cyz19\AppData\Local\Temp\ccXlZxSa.s 			page 46


 1483 0002 7047     		bx	lr
 1484              		.cfi_endproc
 1485              	.LFE146:
 1487              		.section	.text.fifo_s_free,"ax",%progbits
 1488              		.align	1
 1489              		.global	fifo_s_free
 1490              		.syntax unified
 1491              		.thumb
 1492              		.thumb_func
 1494              	fifo_s_free:
 1495              	.LVL132:
 1496              	.LFB147:
 577:Library/Src/fifo.c **** 
 578:Library/Src/fifo.c **** //******************************************************************************************
 579:Library/Src/fifo.c **** //
 580:Library/Src/fifo.c **** //! \brief  Get FIFO the number of elements(in single mode)?
 581:Library/Src/fifo.c **** //!
 582:Library/Src/fifo.c **** //! \param  [in] p_fifo is the pointer of valid FIFO.
 583:Library/Src/fifo.c **** //!
 584:Library/Src/fifo.c **** //! \retval The number of elements in FIFO.
 585:Library/Src/fifo.c **** //
 586:Library/Src/fifo.c **** //******************************************************************************************
 587:Library/Src/fifo.c **** int fifo_s_free(fifo_s_t *p_fifo)
 588:Library/Src/fifo.c **** {
 1497              		.loc 1 588 1 is_stmt 1 view -0
 1498              		.cfi_startproc
 1499              		@ args = 0, pretend = 0, frame = 0
 1500              		@ frame_needed = 0, uses_anonymous_args = 0
 1501              		@ link register save eliminated.
 589:Library/Src/fifo.c ****   //! Check input parameter.
 590:Library/Src/fifo.c ****   ASSERT(p_fifo);
 1502              		.loc 1 590 17 view .LVU473
 591:Library/Src/fifo.c ****   return p_fifo->free_num;
 1503              		.loc 1 591 3 view .LVU474
 592:Library/Src/fifo.c **** }
 1504              		.loc 1 592 1 is_stmt 0 view .LVU475
 1505 0000 8068     		ldr	r0, [r0, #8]
 1506              	.LVL133:
 1507              		.loc 1 592 1 view .LVU476
 1508 0002 7047     		bx	lr
 1509              		.cfi_endproc
 1510              	.LFE147:
 1512              		.section	.text.fifo_s_flush,"ax",%progbits
 1513              		.align	1
 1514              		.global	fifo_s_flush
 1515              		.syntax unified
 1516              		.thumb
 1517              		.thumb_func
 1519              	fifo_s_flush:
 1520              	.LVL134:
 1521              	.LFB148:
 593:Library/Src/fifo.c **** 
 594:Library/Src/fifo.c **** //******************************************************************************************
 595:Library/Src/fifo.c **** //
 596:Library/Src/fifo.c **** //! \brief  Flush the content of FIFO.
 597:Library/Src/fifo.c **** //!
 598:Library/Src/fifo.c **** //! \param  [in] p_fifo is the pointer of valid FIFO.
ARM GAS  C:\Users\cyz19\AppData\Local\Temp\ccXlZxSa.s 			page 47


 599:Library/Src/fifo.c **** //!
 600:Library/Src/fifo.c **** //! \retval 0 if success, -1 if failure.
 601:Library/Src/fifo.c **** //
 602:Library/Src/fifo.c **** //******************************************************************************************
 603:Library/Src/fifo.c **** void fifo_s_flush(fifo_s_t *p_fifo)
 604:Library/Src/fifo.c **** {
 1522              		.loc 1 604 1 is_stmt 1 view -0
 1523              		.cfi_startproc
 1524              		@ args = 0, pretend = 0, frame = 0
 1525              		@ frame_needed = 0, uses_anonymous_args = 0
 1526              		@ link register save eliminated.
 605:Library/Src/fifo.c ****   FIFO_CPU_SR_TYPE cpu_sr;
 1527              		.loc 1 605 3 view .LVU478
 606:Library/Src/fifo.c **** 
 607:Library/Src/fifo.c ****   //! Check input parameters.
 608:Library/Src/fifo.c ****   ASSERT(p_fifo);
 1528              		.loc 1 608 17 view .LVU479
 609:Library/Src/fifo.c ****   //! Initialize FIFO Control Block.
 610:Library/Src/fifo.c ****   //Interrupt Off;
 611:Library/Src/fifo.c ****   cpu_sr = FIFO_GET_CPU_SR();
 1529              		.loc 1 611 3 view .LVU480
 1530              	.LBB112:
 1531              	.LBI112:
 382:Drivers/CMSIS/Include/cmsis_gcc.h **** {
 1532              		.loc 2 382 31 view .LVU481
 1533              	.LBB113:
 384:Drivers/CMSIS/Include/cmsis_gcc.h **** 
 1534              		.loc 2 384 3 view .LVU482
 386:Drivers/CMSIS/Include/cmsis_gcc.h ****   return(result);
 1535              		.loc 2 386 3 view .LVU483
 1536              		.syntax unified
 1537              	@ 386 "Drivers/CMSIS/Include/cmsis_gcc.h" 1
 1538 0000 EFF31081 		MRS r1, primask
 1539              	@ 0 "" 2
 1540              	.LVL135:
 387:Drivers/CMSIS/Include/cmsis_gcc.h **** }
 1541              		.loc 2 387 3 view .LVU484
 387:Drivers/CMSIS/Include/cmsis_gcc.h **** }
 1542              		.loc 2 387 3 is_stmt 0 view .LVU485
 1543              		.thumb
 1544              		.syntax unified
 1545              	.LBE113:
 1546              	.LBE112:
 612:Library/Src/fifo.c ****   FIFO_ENTER_CRITICAL();
 1547              		.loc 1 612 3 is_stmt 1 view .LVU486
 1548              	.LBB114:
 1549              	.LBI114:
 140:Drivers/CMSIS/Include/cmsis_gcc.h **** {
 1550              		.loc 2 140 27 view .LVU487
 1551              	.LBB115:
 142:Drivers/CMSIS/Include/cmsis_gcc.h **** }
 1552              		.loc 2 142 3 view .LVU488
 1553              		.syntax unified
 1554              	@ 142 "Drivers/CMSIS/Include/cmsis_gcc.h" 1
 1555 0004 72B6     		cpsid i
 1556              	@ 0 "" 2
 1557              		.thumb
ARM GAS  C:\Users\cyz19\AppData\Local\Temp\ccXlZxSa.s 			page 48


 1558              		.syntax unified
 1559              	.LBE115:
 1560              	.LBE114:
 613:Library/Src/fifo.c **** 
 614:Library/Src/fifo.c ****   p_fifo->free_num = p_fifo->p_end_addr - p_fifo->p_start_addr + 1;
 1561              		.loc 1 614 3 view .LVU489
 1562              		.loc 1 614 28 is_stmt 0 view .LVU490
 1563 0006 4368     		ldr	r3, [r0, #4]
 1564              		.loc 1 614 49 view .LVU491
 1565 0008 0268     		ldr	r2, [r0]
 1566              		.loc 1 614 41 view .LVU492
 1567 000a 9B1A     		subs	r3, r3, r2
 1568              		.loc 1 614 64 view .LVU493
 1569 000c 0133     		adds	r3, r3, #1
 1570              		.loc 1 614 20 view .LVU494
 1571 000e 8360     		str	r3, [r0, #8]
 615:Library/Src/fifo.c ****   p_fifo->used_num = 0;
 1572              		.loc 1 615 3 is_stmt 1 view .LVU495
 1573              		.loc 1 615 20 is_stmt 0 view .LVU496
 1574 0010 0023     		movs	r3, #0
 1575 0012 C360     		str	r3, [r0, #12]
 616:Library/Src/fifo.c ****   p_fifo->p_read_addr = p_fifo->p_start_addr;
 1576              		.loc 1 616 3 is_stmt 1 view .LVU497
 1577              		.loc 1 616 23 is_stmt 0 view .LVU498
 1578 0014 0261     		str	r2, [r0, #16]
 617:Library/Src/fifo.c ****   p_fifo->p_write_addr = p_fifo->p_start_addr;
 1579              		.loc 1 617 3 is_stmt 1 view .LVU499
 1580              		.loc 1 617 24 is_stmt 0 view .LVU500
 1581 0016 4261     		str	r2, [r0, #20]
 618:Library/Src/fifo.c ****   //Interrupt On
 619:Library/Src/fifo.c ****   FIFO_RESTORE_CPU_SR(cpu_sr);
 1582              		.loc 1 619 3 is_stmt 1 view .LVU501
 1583              	.LVL136:
 1584              	.LBB116:
 1585              	.LBI116:
 412:Drivers/CMSIS/Include/cmsis_gcc.h **** {
 1586              		.loc 2 412 27 view .LVU502
 1587              	.LBB117:
 1588              		.loc 2 414 3 view .LVU503
 1589              		.syntax unified
 1590              	@ 414 "Drivers/CMSIS/Include/cmsis_gcc.h" 1
 1591 0018 81F31088 		MSR primask, r1
 1592              	@ 0 "" 2
 1593              	.LVL137:
 1594              		.loc 2 414 3 is_stmt 0 view .LVU504
 1595              		.thumb
 1596              		.syntax unified
 1597              	.LBE117:
 1598              	.LBE116:
 620:Library/Src/fifo.c **** }
 1599              		.loc 1 620 1 view .LVU505
 1600 001c 7047     		bx	lr
 1601              		.cfi_endproc
 1602              	.LFE148:
 1604              		.section	.text.fifo_s_discard,"ax",%progbits
 1605              		.align	1
 1606              		.global	fifo_s_discard
ARM GAS  C:\Users\cyz19\AppData\Local\Temp\ccXlZxSa.s 			page 49


 1607              		.syntax unified
 1608              		.thumb
 1609              		.thumb_func
 1611              	fifo_s_discard:
 1612              	.LVL138:
 1613              	.LFB149:
 621:Library/Src/fifo.c **** 
 622:Library/Src/fifo.c **** int fifo_s_discard(fifo_s_t *p_fifo, int len)
 623:Library/Src/fifo.c **** {
 1614              		.loc 1 623 1 is_stmt 1 view -0
 1615              		.cfi_startproc
 1616              		@ args = 0, pretend = 0, frame = 0
 1617              		@ frame_needed = 0, uses_anonymous_args = 0
 1618              		@ link register save eliminated.
 1619              		.loc 1 623 1 is_stmt 0 view .LVU507
 1620 0000 10B4     		push	{r4}
 1621              	.LCFI9:
 1622              		.cfi_def_cfa_offset 4
 1623              		.cfi_offset 4, -4
 1624 0002 0346     		mov	r3, r0
 1625 0004 0846     		mov	r0, r1
 1626              	.LVL139:
 624:Library/Src/fifo.c ****   FIFO_CPU_SR_TYPE cpu_sr;
 1627              		.loc 1 624 3 is_stmt 1 view .LVU508
 625:Library/Src/fifo.c ****   //! Check input parameters.
 626:Library/Src/fifo.c ****   char *tmp_index;
 1628              		.loc 1 626 3 view .LVU509
 627:Library/Src/fifo.c ****   ASSERT(p_fifo);
 1629              		.loc 1 627 17 view .LVU510
 628:Library/Src/fifo.c **** 
 629:Library/Src/fifo.c ****   //Interrupt Off;
 630:Library/Src/fifo.c ****   cpu_sr = FIFO_GET_CPU_SR();
 1630              		.loc 1 630 3 view .LVU511
 1631              	.LBB118:
 1632              	.LBI118:
 382:Drivers/CMSIS/Include/cmsis_gcc.h **** {
 1633              		.loc 2 382 31 view .LVU512
 1634              	.LBB119:
 384:Drivers/CMSIS/Include/cmsis_gcc.h **** 
 1635              		.loc 2 384 3 view .LVU513
 386:Drivers/CMSIS/Include/cmsis_gcc.h ****   return(result);
 1636              		.loc 2 386 3 view .LVU514
 1637              		.syntax unified
 1638              	@ 386 "Drivers/CMSIS/Include/cmsis_gcc.h" 1
 1639 0006 EFF3108C 		MRS ip, primask
 1640              	@ 0 "" 2
 1641              	.LVL140:
 387:Drivers/CMSIS/Include/cmsis_gcc.h **** }
 1642              		.loc 2 387 3 view .LVU515
 387:Drivers/CMSIS/Include/cmsis_gcc.h **** }
 1643              		.loc 2 387 3 is_stmt 0 view .LVU516
 1644              		.thumb
 1645              		.syntax unified
 1646              	.LBE119:
 1647              	.LBE118:
 631:Library/Src/fifo.c ****   FIFO_ENTER_CRITICAL();
 1648              		.loc 1 631 3 is_stmt 1 view .LVU517
ARM GAS  C:\Users\cyz19\AppData\Local\Temp\ccXlZxSa.s 			page 50


 1649              	.LBB120:
 1650              	.LBI120:
 140:Drivers/CMSIS/Include/cmsis_gcc.h **** {
 1651              		.loc 2 140 27 view .LVU518
 1652              	.LBB121:
 142:Drivers/CMSIS/Include/cmsis_gcc.h **** }
 1653              		.loc 2 142 3 view .LVU519
 1654              		.syntax unified
 1655              	@ 142 "Drivers/CMSIS/Include/cmsis_gcc.h" 1
 1656 000a 72B6     		cpsid i
 1657              	@ 0 "" 2
 1658              		.thumb
 1659              		.syntax unified
 1660              	.LBE121:
 1661              	.LBE120:
 632:Library/Src/fifo.c **** 
 633:Library/Src/fifo.c ****   if (len > p_fifo->used_num)
 1662              		.loc 1 633 3 view .LVU520
 1663              		.loc 1 633 19 is_stmt 0 view .LVU521
 1664 000c D968     		ldr	r1, [r3, #12]
 1665              	.LVL141:
 1666              		.loc 1 633 6 view .LVU522
 1667 000e 8142     		cmp	r1, r0
 1668 0010 00DA     		bge	.L64
 634:Library/Src/fifo.c ****     len = p_fifo->used_num;
 1669              		.loc 1 634 9 view .LVU523
 1670 0012 0846     		mov	r0, r1
 1671              	.LVL142:
 1672              	.L64:
 635:Library/Src/fifo.c **** 
 636:Library/Src/fifo.c ****   tmp_index = len + p_fifo->p_read_addr;
 1673              		.loc 1 636 3 is_stmt 1 view .LVU524
 1674              		.loc 1 636 27 is_stmt 0 view .LVU525
 1675 0014 1A69     		ldr	r2, [r3, #16]
 1676              		.loc 1 636 13 view .LVU526
 1677 0016 0244     		add	r2, r2, r0
 1678              	.LVL143:
 637:Library/Src/fifo.c ****   if (tmp_index > p_fifo->p_end_addr)
 1679              		.loc 1 637 3 is_stmt 1 view .LVU527
 1680              		.loc 1 637 25 is_stmt 0 view .LVU528
 1681 0018 5C68     		ldr	r4, [r3, #4]
 1682              		.loc 1 637 6 view .LVU529
 1683 001a 9442     		cmp	r4, r2
 1684 001c 03D2     		bcs	.L65
 638:Library/Src/fifo.c ****     tmp_index = tmp_index - p_fifo->p_end_addr + p_fifo->p_start_addr - 1;
 1685              		.loc 1 638 5 is_stmt 1 view .LVU530
 1686              		.loc 1 638 27 is_stmt 0 view .LVU531
 1687 001e 121B     		subs	r2, r2, r4
 1688              	.LVL144:
 1689              		.loc 1 638 71 view .LVU532
 1690 0020 013A     		subs	r2, r2, #1
 1691              		.loc 1 638 15 view .LVU533
 1692 0022 1C68     		ldr	r4, [r3]
 1693 0024 2244     		add	r2, r2, r4
 1694              	.LVL145:
 1695              	.L65:
 639:Library/Src/fifo.c ****   p_fifo->p_read_addr = tmp_index;
ARM GAS  C:\Users\cyz19\AppData\Local\Temp\ccXlZxSa.s 			page 51


 1696              		.loc 1 639 3 is_stmt 1 view .LVU534
 1697              		.loc 1 639 23 is_stmt 0 view .LVU535
 1698 0026 1A61     		str	r2, [r3, #16]
 640:Library/Src/fifo.c ****   p_fifo->free_num += len;
 1699              		.loc 1 640 3 is_stmt 1 view .LVU536
 1700              		.loc 1 640 20 is_stmt 0 view .LVU537
 1701 0028 9A68     		ldr	r2, [r3, #8]
 1702              	.LVL146:
 1703              		.loc 1 640 20 view .LVU538
 1704 002a 0244     		add	r2, r2, r0
 1705 002c 9A60     		str	r2, [r3, #8]
 641:Library/Src/fifo.c ****   p_fifo->used_num -= len;
 1706              		.loc 1 641 3 is_stmt 1 view .LVU539
 1707              		.loc 1 641 20 is_stmt 0 view .LVU540
 1708 002e 091A     		subs	r1, r1, r0
 1709 0030 D960     		str	r1, [r3, #12]
 642:Library/Src/fifo.c ****   //Interrupt On
 643:Library/Src/fifo.c ****   FIFO_RESTORE_CPU_SR(cpu_sr);
 1710              		.loc 1 643 3 is_stmt 1 view .LVU541
 1711              	.LVL147:
 1712              	.LBB122:
 1713              	.LBI122:
 412:Drivers/CMSIS/Include/cmsis_gcc.h **** {
 1714              		.loc 2 412 27 view .LVU542
 1715              	.LBB123:
 1716              		.loc 2 414 3 view .LVU543
 1717              		.syntax unified
 1718              	@ 414 "Drivers/CMSIS/Include/cmsis_gcc.h" 1
 1719 0032 8CF31088 		MSR primask, ip
 1720              	@ 0 "" 2
 1721              	.LVL148:
 1722              		.loc 2 414 3 is_stmt 0 view .LVU544
 1723              		.thumb
 1724              		.syntax unified
 1725              	.LBE123:
 1726              	.LBE122:
 644:Library/Src/fifo.c **** 
 645:Library/Src/fifo.c ****   return len;
 1727              		.loc 1 645 3 is_stmt 1 view .LVU545
 646:Library/Src/fifo.c **** }
 1728              		.loc 1 646 1 is_stmt 0 view .LVU546
 1729 0036 5DF8044B 		ldr	r4, [sp], #4
 1730              	.LCFI10:
 1731              		.cfi_restore 4
 1732              		.cfi_def_cfa_offset 0
 1733 003a 7047     		bx	lr
 1734              		.cfi_endproc
 1735              	.LFE149:
 1737              		.section	.text.fifo_destory,"ax",%progbits
 1738              		.align	1
 1739              		.global	fifo_destory
 1740              		.syntax unified
 1741              		.thumb
 1742              		.thumb_func
 1744              	fifo_destory:
 1745              	.LVL149:
 1746              	.LFB151:
ARM GAS  C:\Users\cyz19\AppData\Local\Temp\ccXlZxSa.s 			page 52


 647:Library/Src/fifo.c **** 
 648:Library/Src/fifo.c **** #ifdef USE_DYNAMIC_MEMORY
 649:Library/Src/fifo.c **** //******************************************************************************************
 650:Library/Src/fifo.c **** //
 651:Library/Src/fifo.c **** //! \brief  Create An New FIFO Instance.
 652:Library/Src/fifo.c **** //! This function allocate enought room for N blocks fifo elements, then return the pointer
 653:Library/Src/fifo.c **** //! of FIFO.
 654:Library/Src/fifo.c **** //!
 655:Library/Src/fifo.c **** //! \param  [in] UnitSize is fifo element size.
 656:Library/Src/fifo.c **** //! \param  [in] UnitCnt is count of fifo elements.
 657:Library/Src/fifo.c **** //! \retval The Pointer of FIFO instance, return NULL is failure to allocate memory.
 658:Library/Src/fifo.c **** //!
 659:Library/Src/fifo.c **** //! \note   -# You must enable USE_MEMORY_ALLOC macro and ensure your system have <stdlib.h>
 660:Library/Src/fifo.c **** //!            Header file before use this function.
 661:Library/Src/fifo.c **** //! \note   -# Functions FIFO_Create and FIFO_Destory must be used in pairs.
 662:Library/Src/fifo.c **** //!
 663:Library/Src/fifo.c **** //******************************************************************************************
 664:Library/Src/fifo.c **** fifo_t *fifo_create(char unit_size, int unit_cnt)
 665:Library/Src/fifo.c **** {
 666:Library/Src/fifo.c ****   fifo_t *p_fifo = NULL;    //!< FIFO Pointer
 667:Library/Src/fifo.c ****   char *p_base_addr = NULL; //!< Memory Base Address
 668:Library/Src/fifo.c **** 
 669:Library/Src/fifo.c ****   //! Check input parameters.
 670:Library/Src/fifo.c ****   ASSERT(unit_size);
 671:Library/Src/fifo.c ****   ASSERT(unit_cnt);
 672:Library/Src/fifo.c **** 
 673:Library/Src/fifo.c ****   //! Allocate Memory for pointer of new FIFO Control Block.
 674:Library/Src/fifo.c ****   p_fifo = (fifo_t *)malloc(sizeof(fifo_t));
 675:Library/Src/fifo.c ****   if (NULL == p_fifo)
 676:Library/Src/fifo.c ****   {
 677:Library/Src/fifo.c ****     //! Allocate Failure, exit now.
 678:Library/Src/fifo.c ****     return (NULL);
 679:Library/Src/fifo.c ****   }
 680:Library/Src/fifo.c **** 
 681:Library/Src/fifo.c ****   //! Allocate memory for FIFO.
 682:Library/Src/fifo.c ****   p_base_addr = malloc(unit_size * unit_cnt);
 683:Library/Src/fifo.c ****   if (NULL == p_base_addr)
 684:Library/Src/fifo.c ****   {
 685:Library/Src/fifo.c ****     //! Allocate Failure, exit now.
 686:Library/Src/fifo.c ****     free(p_fifo);
 687:Library/Src/fifo.c ****     return (NULL);
 688:Library/Src/fifo.c ****   }
 689:Library/Src/fifo.c **** 
 690:Library/Src/fifo.c ****   //! Initialize General FIFO Module.
 691:Library/Src/fifo.c ****   fifo_init(p_fifo, p_base_addr, unit_size, unit_cnt);
 692:Library/Src/fifo.c **** 
 693:Library/Src/fifo.c ****   return (p_fifo);
 694:Library/Src/fifo.c **** }
 695:Library/Src/fifo.c **** 
 696:Library/Src/fifo.c **** //******************************************************************************************
 697:Library/Src/fifo.c **** //
 698:Library/Src/fifo.c **** //! \brief  Destory FIFO Instance.
 699:Library/Src/fifo.c **** //!  This function release memory, then reinit the FIFO struct.
 700:Library/Src/fifo.c **** //!
 701:Library/Src/fifo.c **** //! \param  [in] pFIFO is the pointer of FIFO instance
 702:Library/Src/fifo.c **** //! \retval None.
 703:Library/Src/fifo.c **** //!
ARM GAS  C:\Users\cyz19\AppData\Local\Temp\ccXlZxSa.s 			page 53


 704:Library/Src/fifo.c **** //! \note   -# You must enable USE_MEMORY_ALLOC macro and ensure your system have <stdlib.h>
 705:Library/Src/fifo.c **** //!            Header file before use this function.
 706:Library/Src/fifo.c **** //
 707:Library/Src/fifo.c **** //******************************************************************************************
 708:Library/Src/fifo.c **** void fifo_destory(fifo_t *p_fifo)
 709:Library/Src/fifo.c **** {
 1747              		.loc 1 709 1 is_stmt 1 view -0
 1748              		.cfi_startproc
 1749              		@ args = 0, pretend = 0, frame = 0
 1750              		@ frame_needed = 0, uses_anonymous_args = 0
 1751              		.loc 1 709 1 is_stmt 0 view .LVU548
 1752 0000 10B5     		push	{r4, lr}
 1753              	.LCFI11:
 1754              		.cfi_def_cfa_offset 8
 1755              		.cfi_offset 4, -8
 1756              		.cfi_offset 14, -4
 1757 0002 0446     		mov	r4, r0
 710:Library/Src/fifo.c ****   //! Check input parameters.
 711:Library/Src/fifo.c ****   ASSERT(p_fifo);
 1758              		.loc 1 711 17 is_stmt 1 view .LVU549
 712:Library/Src/fifo.c ****   ASSERT(p_fifo->p_start_addr);
 1759              		.loc 1 712 31 view .LVU550
 713:Library/Src/fifo.c **** 
 714:Library/Src/fifo.c ****   //! Free FIFO memory
 715:Library/Src/fifo.c ****   free(p_fifo->p_start_addr);
 1760              		.loc 1 715 3 view .LVU551
 1761 0004 0068     		ldr	r0, [r0]
 1762              	.LVL150:
 1763              		.loc 1 715 3 is_stmt 0 view .LVU552
 1764 0006 FFF7FEFF 		bl	free
 1765              	.LVL151:
 716:Library/Src/fifo.c ****   //! Free FIFO Control Block memory.
 717:Library/Src/fifo.c ****   free(p_fifo);
 1766              		.loc 1 717 3 is_stmt 1 view .LVU553
 1767 000a 2046     		mov	r0, r4
 1768 000c FFF7FEFF 		bl	free
 1769              	.LVL152:
 718:Library/Src/fifo.c **** 
 719:Library/Src/fifo.c ****   return; //!< Success
 1770              		.loc 1 719 3 view .LVU554
 720:Library/Src/fifo.c **** }
 1771              		.loc 1 720 1 is_stmt 0 view .LVU555
 1772 0010 10BD     		pop	{r4, pc}
 1773              		.loc 1 720 1 view .LVU556
 1774              		.cfi_endproc
 1775              	.LFE151:
 1777              		.section	.text.fifo_init,"ax",%progbits
 1778              		.align	1
 1779              		.global	fifo_init
 1780              		.syntax unified
 1781              		.thumb
 1782              		.thumb_func
 1784              	fifo_init:
 1785              	.LVL153:
 1786              	.LFB152:
 721:Library/Src/fifo.c **** 
 722:Library/Src/fifo.c **** #endif // USE_DYNAMIC_MEMORY
ARM GAS  C:\Users\cyz19\AppData\Local\Temp\ccXlZxSa.s 			page 54


 723:Library/Src/fifo.c **** 
 724:Library/Src/fifo.c **** //******************************************************************************************
 725:Library/Src/fifo.c **** //
 726:Library/Src/fifo.c **** //! \brief  Initialize an static FIFO struct.
 727:Library/Src/fifo.c **** //!
 728:Library/Src/fifo.c **** //! \param  [in] pFIFO is the pointer of valid FIFO instance.
 729:Library/Src/fifo.c **** //! \param  [in] pBaseAddr is the base address of pre-allocate memory, such as array.
 730:Library/Src/fifo.c **** //! \param  [in] UnitSize is fifo element size.
 731:Library/Src/fifo.c **** //! \param  [in] UnitCnt is count of fifo elements.
 732:Library/Src/fifo.c **** //! \retval 0 if initialize successfully, otherwise return -1.
 733:Library/Src/fifo.c **** //
 734:Library/Src/fifo.c **** //******************************************************************************************
 735:Library/Src/fifo.c **** int fifo_init(fifo_t *p_fifo, void *p_base_addr, char unit_size, int unit_cnt)
 736:Library/Src/fifo.c **** {
 1787              		.loc 1 736 1 is_stmt 1 view -0
 1788              		.cfi_startproc
 1789              		@ args = 0, pretend = 0, frame = 0
 1790              		@ frame_needed = 0, uses_anonymous_args = 0
 1791              		@ link register save eliminated.
 1792              		.loc 1 736 1 is_stmt 0 view .LVU558
 1793 0000 8446     		mov	ip, r0
 737:Library/Src/fifo.c ****   //! Check input parameters.
 738:Library/Src/fifo.c ****   ASSERT(p_fifo);
 1794              		.loc 1 738 17 is_stmt 1 view .LVU559
 739:Library/Src/fifo.c ****   ASSERT(p_base_addr);
 1795              		.loc 1 739 22 view .LVU560
 740:Library/Src/fifo.c ****   ASSERT(unit_size);
 1796              		.loc 1 740 20 view .LVU561
 741:Library/Src/fifo.c ****   ASSERT(unit_cnt);
 1797              		.loc 1 741 19 view .LVU562
 742:Library/Src/fifo.c **** 
 743:Library/Src/fifo.c ****   //! Initialize FIFO Control Block.
 744:Library/Src/fifo.c ****   p_fifo->p_start_addr = (char *)p_base_addr;
 1798              		.loc 1 744 3 view .LVU563
 1799              		.loc 1 744 24 is_stmt 0 view .LVU564
 1800 0002 0160     		str	r1, [r0]
 745:Library/Src/fifo.c ****   p_fifo->p_end_addr = (char *)p_base_addr + unit_size * unit_cnt - 1;
 1801              		.loc 1 745 3 is_stmt 1 view .LVU565
 1802              		.loc 1 745 56 is_stmt 0 view .LVU566
 1803 0004 03FB02F0 		mul	r0, r3, r2
 1804              	.LVL154:
 1805              		.loc 1 745 67 view .LVU567
 1806 0008 0138     		subs	r0, r0, #1
 1807 000a 0844     		add	r0, r0, r1
 1808              		.loc 1 745 22 view .LVU568
 1809 000c CCF80400 		str	r0, [ip, #4]
 746:Library/Src/fifo.c ****   p_fifo->free_num = unit_cnt;
 1810              		.loc 1 746 3 is_stmt 1 view .LVU569
 1811              		.loc 1 746 20 is_stmt 0 view .LVU570
 1812 0010 CCF80830 		str	r3, [ip, #8]
 747:Library/Src/fifo.c ****   p_fifo->used_num = 0;
 1813              		.loc 1 747 3 is_stmt 1 view .LVU571
 1814              		.loc 1 747 20 is_stmt 0 view .LVU572
 1815 0014 0020     		movs	r0, #0
 1816 0016 CCF80C00 		str	r0, [ip, #12]
 748:Library/Src/fifo.c ****   p_fifo->unit_size = unit_size;
 1817              		.loc 1 748 3 is_stmt 1 view .LVU573
ARM GAS  C:\Users\cyz19\AppData\Local\Temp\ccXlZxSa.s 			page 55


 1818              		.loc 1 748 21 is_stmt 0 view .LVU574
 1819 001a CCF81020 		str	r2, [ip, #16]
 749:Library/Src/fifo.c ****   p_fifo->p_read_addr = (char *)p_base_addr;
 1820              		.loc 1 749 3 is_stmt 1 view .LVU575
 1821              		.loc 1 749 23 is_stmt 0 view .LVU576
 1822 001e CCF81410 		str	r1, [ip, #20]
 750:Library/Src/fifo.c ****   p_fifo->p_write_addr = (char *)p_base_addr;
 1823              		.loc 1 750 3 is_stmt 1 view .LVU577
 1824              		.loc 1 750 24 is_stmt 0 view .LVU578
 1825 0022 CCF81810 		str	r1, [ip, #24]
 751:Library/Src/fifo.c **** 
 752:Library/Src/fifo.c ****   return (0);
 1826              		.loc 1 752 3 is_stmt 1 view .LVU579
 753:Library/Src/fifo.c **** }
 1827              		.loc 1 753 1 is_stmt 0 view .LVU580
 1828 0026 7047     		bx	lr
 1829              		.cfi_endproc
 1830              	.LFE152:
 1832              		.section	.text.fifo_create,"ax",%progbits
 1833              		.align	1
 1834              		.global	fifo_create
 1835              		.syntax unified
 1836              		.thumb
 1837              		.thumb_func
 1839              	fifo_create:
 1840              	.LVL155:
 1841              	.LFB150:
 665:Library/Src/fifo.c ****   fifo_t *p_fifo = NULL;    //!< FIFO Pointer
 1842              		.loc 1 665 1 is_stmt 1 view -0
 1843              		.cfi_startproc
 1844              		@ args = 0, pretend = 0, frame = 0
 1845              		@ frame_needed = 0, uses_anonymous_args = 0
 665:Library/Src/fifo.c ****   fifo_t *p_fifo = NULL;    //!< FIFO Pointer
 1846              		.loc 1 665 1 is_stmt 0 view .LVU582
 1847 0000 F8B5     		push	{r3, r4, r5, r6, r7, lr}
 1848              	.LCFI12:
 1849              		.cfi_def_cfa_offset 24
 1850              		.cfi_offset 3, -24
 1851              		.cfi_offset 4, -20
 1852              		.cfi_offset 5, -16
 1853              		.cfi_offset 6, -12
 1854              		.cfi_offset 7, -8
 1855              		.cfi_offset 14, -4
 1856 0002 0446     		mov	r4, r0
 1857 0004 0D46     		mov	r5, r1
 666:Library/Src/fifo.c ****   char *p_base_addr = NULL; //!< Memory Base Address
 1858              		.loc 1 666 3 is_stmt 1 view .LVU583
 1859              	.LVL156:
 667:Library/Src/fifo.c **** 
 1860              		.loc 1 667 3 view .LVU584
 670:Library/Src/fifo.c ****   ASSERT(unit_cnt);
 1861              		.loc 1 670 20 view .LVU585
 671:Library/Src/fifo.c **** 
 1862              		.loc 1 671 19 view .LVU586
 674:Library/Src/fifo.c ****   if (NULL == p_fifo)
 1863              		.loc 1 674 3 view .LVU587
 674:Library/Src/fifo.c ****   if (NULL == p_fifo)
ARM GAS  C:\Users\cyz19\AppData\Local\Temp\ccXlZxSa.s 			page 56


 1864              		.loc 1 674 22 is_stmt 0 view .LVU588
 1865 0006 1C20     		movs	r0, #28
 1866              	.LVL157:
 674:Library/Src/fifo.c ****   if (NULL == p_fifo)
 1867              		.loc 1 674 22 view .LVU589
 1868 0008 FFF7FEFF 		bl	malloc
 1869              	.LVL158:
 675:Library/Src/fifo.c ****   {
 1870              		.loc 1 675 3 is_stmt 1 view .LVU590
 675:Library/Src/fifo.c ****   {
 1871              		.loc 1 675 6 is_stmt 0 view .LVU591
 1872 000c 0646     		mov	r6, r0
 1873 000e 58B1     		cbz	r0, .L71
 682:Library/Src/fifo.c ****   if (NULL == p_base_addr)
 1874              		.loc 1 682 3 is_stmt 1 view .LVU592
 682:Library/Src/fifo.c ****   if (NULL == p_base_addr)
 1875              		.loc 1 682 17 is_stmt 0 view .LVU593
 1876 0010 05FB04F0 		mul	r0, r5, r4
 1877              	.LVL159:
 682:Library/Src/fifo.c ****   if (NULL == p_base_addr)
 1878              		.loc 1 682 17 view .LVU594
 1879 0014 FFF7FEFF 		bl	malloc
 1880              	.LVL160:
 683:Library/Src/fifo.c ****   {
 1881              		.loc 1 683 3 is_stmt 1 view .LVU595
 683:Library/Src/fifo.c ****   {
 1882              		.loc 1 683 6 is_stmt 0 view .LVU596
 1883 0018 0746     		mov	r7, r0
 1884 001a 38B1     		cbz	r0, .L75
 691:Library/Src/fifo.c **** 
 1885              		.loc 1 691 3 is_stmt 1 view .LVU597
 1886 001c 2B46     		mov	r3, r5
 1887 001e 2246     		mov	r2, r4
 1888 0020 0146     		mov	r1, r0
 1889 0022 3046     		mov	r0, r6
 1890              	.LVL161:
 691:Library/Src/fifo.c **** 
 1891              		.loc 1 691 3 is_stmt 0 view .LVU598
 1892 0024 FFF7FEFF 		bl	fifo_init
 1893              	.LVL162:
 693:Library/Src/fifo.c **** }
 1894              		.loc 1 693 3 is_stmt 1 view .LVU599
 1895              	.L71:
 694:Library/Src/fifo.c **** 
 1896              		.loc 1 694 1 is_stmt 0 view .LVU600
 1897 0028 3046     		mov	r0, r6
 1898 002a F8BD     		pop	{r3, r4, r5, r6, r7, pc}
 1899              	.LVL163:
 1900              	.L75:
 686:Library/Src/fifo.c ****     return (NULL);
 1901              		.loc 1 686 5 is_stmt 1 view .LVU601
 1902 002c 3046     		mov	r0, r6
 1903              	.LVL164:
 686:Library/Src/fifo.c ****     return (NULL);
 1904              		.loc 1 686 5 is_stmt 0 view .LVU602
 1905 002e FFF7FEFF 		bl	free
 1906              	.LVL165:
ARM GAS  C:\Users\cyz19\AppData\Local\Temp\ccXlZxSa.s 			page 57


 687:Library/Src/fifo.c ****   }
 1907              		.loc 1 687 5 is_stmt 1 view .LVU603
 687:Library/Src/fifo.c ****   }
 1908              		.loc 1 687 12 is_stmt 0 view .LVU604
 1909 0032 3E46     		mov	r6, r7
 1910              	.LVL166:
 687:Library/Src/fifo.c ****   }
 1911              		.loc 1 687 12 view .LVU605
 1912 0034 F8E7     		b	.L71
 1913              		.cfi_endproc
 1914              	.LFE150:
 1916              		.section	.text.fifo_put,"ax",%progbits
 1917              		.align	1
 1918              		.global	fifo_put
 1919              		.syntax unified
 1920              		.thumb
 1921              		.thumb_func
 1923              	fifo_put:
 1924              	.LVL167:
 1925              	.LFB153:
 754:Library/Src/fifo.c **** 
 755:Library/Src/fifo.c **** //******************************************************************************************
 756:Library/Src/fifo.c **** //
 757:Library/Src/fifo.c **** //! \brief  Put an element into FIFO.
 758:Library/Src/fifo.c **** //!
 759:Library/Src/fifo.c **** //! \param  [in]  pFIFO is the pointer of valid FIFO.
 760:Library/Src/fifo.c **** //! \param  [in]  pElement is the address of element you want to put
 761:Library/Src/fifo.c **** //!
 762:Library/Src/fifo.c **** //! \retval 0 if operate successfully, otherwise return -1.
 763:Library/Src/fifo.c **** //
 764:Library/Src/fifo.c **** //******************************************************************************************
 765:Library/Src/fifo.c **** int fifo_put(fifo_t *p_fifo, void *p_element)
 766:Library/Src/fifo.c **** {
 1926              		.loc 1 766 1 is_stmt 1 view -0
 1927              		.cfi_startproc
 1928              		@ args = 0, pretend = 0, frame = 0
 1929              		@ frame_needed = 0, uses_anonymous_args = 0
 1930              		.loc 1 766 1 is_stmt 0 view .LVU607
 1931 0000 38B5     		push	{r3, r4, r5, lr}
 1932              	.LCFI13:
 1933              		.cfi_def_cfa_offset 16
 1934              		.cfi_offset 3, -16
 1935              		.cfi_offset 4, -12
 1936              		.cfi_offset 5, -8
 1937              		.cfi_offset 14, -4
 767:Library/Src/fifo.c ****   //! Check input parameters.
 768:Library/Src/fifo.c ****   FIFO_CPU_SR_TYPE cpu_sr;
 1938              		.loc 1 768 3 is_stmt 1 view .LVU608
 769:Library/Src/fifo.c ****   ASSERT(p_fifo);
 1939              		.loc 1 769 17 view .LVU609
 770:Library/Src/fifo.c ****   ASSERT(p_element);
 1940              		.loc 1 770 20 view .LVU610
 771:Library/Src/fifo.c **** 
 772:Library/Src/fifo.c ****     //Interrupt Off;
 773:Library/Src/fifo.c ****   cpu_sr = FIFO_GET_CPU_SR();
 1941              		.loc 1 773 3 view .LVU611
 1942              	.LBB124:
ARM GAS  C:\Users\cyz19\AppData\Local\Temp\ccXlZxSa.s 			page 58


 1943              	.LBI124:
 382:Drivers/CMSIS/Include/cmsis_gcc.h **** {
 1944              		.loc 2 382 31 view .LVU612
 1945              	.LBB125:
 384:Drivers/CMSIS/Include/cmsis_gcc.h **** 
 1946              		.loc 2 384 3 view .LVU613
 386:Drivers/CMSIS/Include/cmsis_gcc.h ****   return(result);
 1947              		.loc 2 386 3 view .LVU614
 1948              		.syntax unified
 1949              	@ 386 "Drivers/CMSIS/Include/cmsis_gcc.h" 1
 1950 0002 EFF31085 		MRS r5, primask
 1951              	@ 0 "" 2
 1952              	.LVL168:
 387:Drivers/CMSIS/Include/cmsis_gcc.h **** }
 1953              		.loc 2 387 3 view .LVU615
 387:Drivers/CMSIS/Include/cmsis_gcc.h **** }
 1954              		.loc 2 387 3 is_stmt 0 view .LVU616
 1955              		.thumb
 1956              		.syntax unified
 1957              	.LBE125:
 1958              	.LBE124:
 774:Library/Src/fifo.c ****   FIFO_ENTER_CRITICAL();
 1959              		.loc 1 774 3 is_stmt 1 view .LVU617
 1960              	.LBB126:
 1961              	.LBI126:
 140:Drivers/CMSIS/Include/cmsis_gcc.h **** {
 1962              		.loc 2 140 27 view .LVU618
 1963              	.LBB127:
 142:Drivers/CMSIS/Include/cmsis_gcc.h **** }
 1964              		.loc 2 142 3 view .LVU619
 1965              		.syntax unified
 1966              	@ 142 "Drivers/CMSIS/Include/cmsis_gcc.h" 1
 1967 0006 72B6     		cpsid i
 1968              	@ 0 "" 2
 1969              		.thumb
 1970              		.syntax unified
 1971              	.LBE127:
 1972              	.LBE126:
 775:Library/Src/fifo.c **** 
 776:Library/Src/fifo.c ****   // Full ?
 777:Library/Src/fifo.c ****   if (0 == p_fifo->free_num)
 1973              		.loc 1 777 3 view .LVU620
 1974              		.loc 1 777 18 is_stmt 0 view .LVU621
 1975 0008 8368     		ldr	r3, [r0, #8]
 1976              		.loc 1 777 6 view .LVU622
 1977 000a C3B1     		cbz	r3, .L81
 1978 000c 0446     		mov	r4, r0
 778:Library/Src/fifo.c ****   {
 779:Library/Src/fifo.c ****     //! Error, FIFO is full!
 780:Library/Src/fifo.c ****     goto end;
 781:Library/Src/fifo.c ****   }
 782:Library/Src/fifo.c **** 
 783:Library/Src/fifo.c ****   //! Copy Data
 784:Library/Src/fifo.c **** 
 785:Library/Src/fifo.c ****   if (p_fifo->p_write_addr > p_fifo->p_end_addr)
 1979              		.loc 1 785 3 is_stmt 1 view .LVU623
 1980              		.loc 1 785 13 is_stmt 0 view .LVU624
ARM GAS  C:\Users\cyz19\AppData\Local\Temp\ccXlZxSa.s 			page 59


 1981 000e 8269     		ldr	r2, [r0, #24]
 1982              		.loc 1 785 36 view .LVU625
 1983 0010 4368     		ldr	r3, [r0, #4]
 1984              		.loc 1 785 6 view .LVU626
 1985 0012 9A42     		cmp	r2, r3
 1986 0014 01D9     		bls	.L79
 786:Library/Src/fifo.c ****     p_fifo->p_write_addr = p_fifo->p_start_addr;
 1987              		.loc 1 786 5 is_stmt 1 view .LVU627
 1988              		.loc 1 786 34 is_stmt 0 view .LVU628
 1989 0016 0368     		ldr	r3, [r0]
 1990              		.loc 1 786 26 view .LVU629
 1991 0018 8361     		str	r3, [r0, #24]
 1992              	.L79:
 787:Library/Src/fifo.c **** 
 788:Library/Src/fifo.c ****   memcpy(p_fifo->p_write_addr, p_element, p_fifo->unit_size);
 1993              		.loc 1 788 3 is_stmt 1 view .LVU630
 1994 001a 2269     		ldr	r2, [r4, #16]
 1995 001c A069     		ldr	r0, [r4, #24]
 1996              	.LVL169:
 1997              		.loc 1 788 3 is_stmt 0 view .LVU631
 1998 001e FFF7FEFF 		bl	memcpy
 1999              	.LVL170:
 789:Library/Src/fifo.c ****   p_fifo->p_write_addr += p_fifo->unit_size;
 2000              		.loc 1 789 3 is_stmt 1 view .LVU632
 2001              		.loc 1 789 33 is_stmt 0 view .LVU633
 2002 0022 2269     		ldr	r2, [r4, #16]
 2003              		.loc 1 789 24 view .LVU634
 2004 0024 A369     		ldr	r3, [r4, #24]
 2005 0026 1344     		add	r3, r3, r2
 2006 0028 A361     		str	r3, [r4, #24]
 790:Library/Src/fifo.c ****   p_fifo->free_num--;
 2007              		.loc 1 790 3 is_stmt 1 view .LVU635
 2008              		.loc 1 790 9 is_stmt 0 view .LVU636
 2009 002a A368     		ldr	r3, [r4, #8]
 2010              		.loc 1 790 19 view .LVU637
 2011 002c 013B     		subs	r3, r3, #1
 2012 002e A360     		str	r3, [r4, #8]
 791:Library/Src/fifo.c ****   p_fifo->used_num++;
 2013              		.loc 1 791 3 is_stmt 1 view .LVU638
 2014              		.loc 1 791 9 is_stmt 0 view .LVU639
 2015 0030 E368     		ldr	r3, [r4, #12]
 2016              		.loc 1 791 19 view .LVU640
 2017 0032 0133     		adds	r3, r3, #1
 2018 0034 E360     		str	r3, [r4, #12]
 792:Library/Src/fifo.c ****   //Interrupt On
 793:Library/Src/fifo.c ****   FIFO_RESTORE_CPU_SR(cpu_sr);
 2019              		.loc 1 793 3 is_stmt 1 view .LVU641
 2020              	.LVL171:
 2021              	.LBB128:
 2022              	.LBI128:
 412:Drivers/CMSIS/Include/cmsis_gcc.h **** {
 2023              		.loc 2 412 27 view .LVU642
 2024              	.LBB129:
 2025              		.loc 2 414 3 view .LVU643
 2026              		.syntax unified
 2027              	@ 414 "Drivers/CMSIS/Include/cmsis_gcc.h" 1
 2028 0036 85F31088 		MSR primask, r5
ARM GAS  C:\Users\cyz19\AppData\Local\Temp\ccXlZxSa.s 			page 60


 2029              	@ 0 "" 2
 2030              	.LVL172:
 2031              		.loc 2 414 3 is_stmt 0 view .LVU644
 2032              		.thumb
 2033              		.syntax unified
 2034              	.LBE129:
 2035              	.LBE128:
 794:Library/Src/fifo.c ****   return (0);
 2036              		.loc 1 794 3 is_stmt 1 view .LVU645
 2037              		.loc 1 794 10 is_stmt 0 view .LVU646
 2038 003a 0020     		movs	r0, #0
 2039              	.LVL173:
 2040              	.L76:
 795:Library/Src/fifo.c **** end:
 796:Library/Src/fifo.c ****   //Interrupt On
 797:Library/Src/fifo.c ****   FIFO_RESTORE_CPU_SR(cpu_sr);
 798:Library/Src/fifo.c ****   return (-1);
 799:Library/Src/fifo.c **** }
 2041              		.loc 1 799 1 view .LVU647
 2042 003c 38BD     		pop	{r3, r4, r5, pc}
 2043              	.LVL174:
 2044              	.L81:
 780:Library/Src/fifo.c ****   }
 2045              		.loc 1 780 5 is_stmt 1 view .LVU648
 2046              	.LDL2:
 797:Library/Src/fifo.c ****   return (-1);
 2047              		.loc 1 797 3 view .LVU649
 2048              	.LBB130:
 2049              	.LBI130:
 412:Drivers/CMSIS/Include/cmsis_gcc.h **** {
 2050              		.loc 2 412 27 view .LVU650
 2051              	.LBB131:
 2052              		.loc 2 414 3 view .LVU651
 2053              		.syntax unified
 2054              	@ 414 "Drivers/CMSIS/Include/cmsis_gcc.h" 1
 2055 003e 85F31088 		MSR primask, r5
 2056              	@ 0 "" 2
 2057              	.LVL175:
 2058              		.loc 2 414 3 is_stmt 0 view .LVU652
 2059              		.thumb
 2060              		.syntax unified
 2061              	.LBE131:
 2062              	.LBE130:
 798:Library/Src/fifo.c **** }
 2063              		.loc 1 798 3 is_stmt 1 view .LVU653
 798:Library/Src/fifo.c **** }
 2064              		.loc 1 798 10 is_stmt 0 view .LVU654
 2065 0042 4FF0FF30 		mov	r0, #-1
 2066              	.LVL176:
 798:Library/Src/fifo.c **** }
 2067              		.loc 1 798 10 view .LVU655
 2068 0046 F9E7     		b	.L76
 2069              		.cfi_endproc
 2070              	.LFE153:
 2072              		.section	.text.fifo_put_noprotect,"ax",%progbits
 2073              		.align	1
 2074              		.global	fifo_put_noprotect
ARM GAS  C:\Users\cyz19\AppData\Local\Temp\ccXlZxSa.s 			page 61


 2075              		.syntax unified
 2076              		.thumb
 2077              		.thumb_func
 2079              	fifo_put_noprotect:
 2080              	.LVL177:
 2081              	.LFB154:
 800:Library/Src/fifo.c **** 
 801:Library/Src/fifo.c **** //******************************************************************************************
 802:Library/Src/fifo.c **** //
 803:Library/Src/fifo.c **** //! \brief  Put an element into FIFO.
 804:Library/Src/fifo.c **** //!
 805:Library/Src/fifo.c **** //! \param  [in]  pFIFO is the pointer of valid FIFO.
 806:Library/Src/fifo.c **** //! \param  [in]  pElement is the address of element you want to put
 807:Library/Src/fifo.c **** //!
 808:Library/Src/fifo.c **** //! \retval 0 if operate successfully, otherwise return -1.
 809:Library/Src/fifo.c **** //
 810:Library/Src/fifo.c **** //******************************************************************************************
 811:Library/Src/fifo.c **** int fifo_put_noprotect(fifo_t *p_fifo, void *p_element)
 812:Library/Src/fifo.c **** {
 2082              		.loc 1 812 1 is_stmt 1 view -0
 2083              		.cfi_startproc
 2084              		@ args = 0, pretend = 0, frame = 0
 2085              		@ frame_needed = 0, uses_anonymous_args = 0
 813:Library/Src/fifo.c ****   //! Check input parameters.
 814:Library/Src/fifo.c ****   ASSERT(p_fifo);
 2086              		.loc 1 814 17 view .LVU657
 815:Library/Src/fifo.c ****   ASSERT(p_element);
 2087              		.loc 1 815 20 view .LVU658
 816:Library/Src/fifo.c **** 
 817:Library/Src/fifo.c ****   // Full ?
 818:Library/Src/fifo.c ****   if (0 == p_fifo->free_num)
 2088              		.loc 1 818 3 view .LVU659
 2089              		.loc 1 818 18 is_stmt 0 view .LVU660
 2090 0000 8368     		ldr	r3, [r0, #8]
 2091              		.loc 1 818 6 view .LVU661
 2092 0002 BBB1     		cbz	r3, .L85
 812:Library/Src/fifo.c ****   //! Check input parameters.
 2093              		.loc 1 812 1 view .LVU662
 2094 0004 10B5     		push	{r4, lr}
 2095              	.LCFI14:
 2096              		.cfi_def_cfa_offset 8
 2097              		.cfi_offset 4, -8
 2098              		.cfi_offset 14, -4
 2099 0006 0446     		mov	r4, r0
 819:Library/Src/fifo.c ****   {
 820:Library/Src/fifo.c ****     //! Error, FIFO is full!
 821:Library/Src/fifo.c ****     return (-1);
 822:Library/Src/fifo.c ****   }
 823:Library/Src/fifo.c **** 
 824:Library/Src/fifo.c ****   //! Copy Data
 825:Library/Src/fifo.c ****   if (p_fifo->p_write_addr > p_fifo->p_end_addr)
 2100              		.loc 1 825 3 is_stmt 1 view .LVU663
 2101              		.loc 1 825 13 is_stmt 0 view .LVU664
 2102 0008 8269     		ldr	r2, [r0, #24]
 2103              		.loc 1 825 36 view .LVU665
 2104 000a 4368     		ldr	r3, [r0, #4]
 2105              		.loc 1 825 6 view .LVU666
ARM GAS  C:\Users\cyz19\AppData\Local\Temp\ccXlZxSa.s 			page 62


 2106 000c 9A42     		cmp	r2, r3
 2107 000e 01D9     		bls	.L84
 826:Library/Src/fifo.c ****     p_fifo->p_write_addr = p_fifo->p_start_addr;
 2108              		.loc 1 826 5 is_stmt 1 view .LVU667
 2109              		.loc 1 826 34 is_stmt 0 view .LVU668
 2110 0010 0368     		ldr	r3, [r0]
 2111              		.loc 1 826 26 view .LVU669
 2112 0012 8361     		str	r3, [r0, #24]
 2113              	.L84:
 827:Library/Src/fifo.c **** 
 828:Library/Src/fifo.c ****   memcpy(p_fifo->p_write_addr, p_element, p_fifo->unit_size);
 2114              		.loc 1 828 3 is_stmt 1 view .LVU670
 2115 0014 2269     		ldr	r2, [r4, #16]
 2116 0016 A069     		ldr	r0, [r4, #24]
 2117              	.LVL178:
 2118              		.loc 1 828 3 is_stmt 0 view .LVU671
 2119 0018 FFF7FEFF 		bl	memcpy
 2120              	.LVL179:
 829:Library/Src/fifo.c ****   p_fifo->p_write_addr += p_fifo->unit_size;
 2121              		.loc 1 829 3 is_stmt 1 view .LVU672
 2122              		.loc 1 829 33 is_stmt 0 view .LVU673
 2123 001c 2269     		ldr	r2, [r4, #16]
 2124              		.loc 1 829 24 view .LVU674
 2125 001e A369     		ldr	r3, [r4, #24]
 2126 0020 1344     		add	r3, r3, r2
 2127 0022 A361     		str	r3, [r4, #24]
 830:Library/Src/fifo.c ****   p_fifo->free_num--;
 2128              		.loc 1 830 3 is_stmt 1 view .LVU675
 2129              		.loc 1 830 9 is_stmt 0 view .LVU676
 2130 0024 A368     		ldr	r3, [r4, #8]
 2131              		.loc 1 830 19 view .LVU677
 2132 0026 013B     		subs	r3, r3, #1
 2133 0028 A360     		str	r3, [r4, #8]
 831:Library/Src/fifo.c ****   p_fifo->used_num++;
 2134              		.loc 1 831 3 is_stmt 1 view .LVU678
 2135              		.loc 1 831 9 is_stmt 0 view .LVU679
 2136 002a E368     		ldr	r3, [r4, #12]
 2137              		.loc 1 831 19 view .LVU680
 2138 002c 0133     		adds	r3, r3, #1
 2139 002e E360     		str	r3, [r4, #12]
 832:Library/Src/fifo.c **** 
 833:Library/Src/fifo.c ****   return (0);
 2140              		.loc 1 833 3 is_stmt 1 view .LVU681
 2141              		.loc 1 833 10 is_stmt 0 view .LVU682
 2142 0030 0020     		movs	r0, #0
 834:Library/Src/fifo.c **** }
 2143              		.loc 1 834 1 view .LVU683
 2144 0032 10BD     		pop	{r4, pc}
 2145              	.LVL180:
 2146              	.L85:
 2147              	.LCFI15:
 2148              		.cfi_def_cfa_offset 0
 2149              		.cfi_restore 4
 2150              		.cfi_restore 14
 821:Library/Src/fifo.c ****   }
 2151              		.loc 1 821 12 view .LVU684
 2152 0034 4FF0FF30 		mov	r0, #-1
ARM GAS  C:\Users\cyz19\AppData\Local\Temp\ccXlZxSa.s 			page 63


 2153              	.LVL181:
 2154              		.loc 1 834 1 view .LVU685
 2155 0038 7047     		bx	lr
 2156              		.cfi_endproc
 2157              	.LFE154:
 2159              		.section	.text.fifo_get,"ax",%progbits
 2160              		.align	1
 2161              		.global	fifo_get
 2162              		.syntax unified
 2163              		.thumb
 2164              		.thumb_func
 2166              	fifo_get:
 2167              	.LVL182:
 2168              	.LFB155:
 835:Library/Src/fifo.c **** 
 836:Library/Src/fifo.c **** //******************************************************************************************
 837:Library/Src/fifo.c **** //
 838:Library/Src/fifo.c **** //! \brief  Get an element from FIFO.
 839:Library/Src/fifo.c **** //!
 840:Library/Src/fifo.c **** //! \param  [in]  pFIFO is the pointer of valid FIFO.
 841:Library/Src/fifo.c **** //! \param  [out] pElement is the address of element you want to get
 842:Library/Src/fifo.c **** //!
 843:Library/Src/fifo.c **** //! \retval 0 if operate successfully, otherwise return -1.
 844:Library/Src/fifo.c **** //
 845:Library/Src/fifo.c **** //******************************************************************************************
 846:Library/Src/fifo.c **** int fifo_get(fifo_t *p_fifo, void *p_element)
 847:Library/Src/fifo.c **** {
 2169              		.loc 1 847 1 is_stmt 1 view -0
 2170              		.cfi_startproc
 2171              		@ args = 0, pretend = 0, frame = 0
 2172              		@ frame_needed = 0, uses_anonymous_args = 0
 2173              		.loc 1 847 1 is_stmt 0 view .LVU687
 2174 0000 38B5     		push	{r3, r4, r5, lr}
 2175              	.LCFI16:
 2176              		.cfi_def_cfa_offset 16
 2177              		.cfi_offset 3, -16
 2178              		.cfi_offset 4, -12
 2179              		.cfi_offset 5, -8
 2180              		.cfi_offset 14, -4
 2181 0002 0446     		mov	r4, r0
 848:Library/Src/fifo.c ****   FIFO_CPU_SR_TYPE cpu_sr;
 2182              		.loc 1 848 3 is_stmt 1 view .LVU688
 849:Library/Src/fifo.c ****   //! Check input parameters.
 850:Library/Src/fifo.c ****   ASSERT(p_fifo);
 2183              		.loc 1 850 17 view .LVU689
 851:Library/Src/fifo.c ****   ASSERT(p_element);
 2184              		.loc 1 851 20 view .LVU690
 852:Library/Src/fifo.c ****   
 853:Library/Src/fifo.c ****       //Interrupt Off;
 854:Library/Src/fifo.c ****   cpu_sr = FIFO_GET_CPU_SR();
 2185              		.loc 1 854 3 view .LVU691
 2186              	.LBB132:
 2187              	.LBI132:
 382:Drivers/CMSIS/Include/cmsis_gcc.h **** {
 2188              		.loc 2 382 31 view .LVU692
 2189              	.LBB133:
 384:Drivers/CMSIS/Include/cmsis_gcc.h **** 
ARM GAS  C:\Users\cyz19\AppData\Local\Temp\ccXlZxSa.s 			page 64


 2190              		.loc 2 384 3 view .LVU693
 386:Drivers/CMSIS/Include/cmsis_gcc.h ****   return(result);
 2191              		.loc 2 386 3 view .LVU694
 2192              		.syntax unified
 2193              	@ 386 "Drivers/CMSIS/Include/cmsis_gcc.h" 1
 2194 0004 EFF31085 		MRS r5, primask
 2195              	@ 0 "" 2
 2196              	.LVL183:
 387:Drivers/CMSIS/Include/cmsis_gcc.h **** }
 2197              		.loc 2 387 3 view .LVU695
 387:Drivers/CMSIS/Include/cmsis_gcc.h **** }
 2198              		.loc 2 387 3 is_stmt 0 view .LVU696
 2199              		.thumb
 2200              		.syntax unified
 2201              	.LBE133:
 2202              	.LBE132:
 855:Library/Src/fifo.c ****   FIFO_ENTER_CRITICAL();
 2203              		.loc 1 855 3 is_stmt 1 view .LVU697
 2204              	.LBB134:
 2205              	.LBI134:
 140:Drivers/CMSIS/Include/cmsis_gcc.h **** {
 2206              		.loc 2 140 27 view .LVU698
 2207              	.LBB135:
 142:Drivers/CMSIS/Include/cmsis_gcc.h **** }
 2208              		.loc 2 142 3 view .LVU699
 2209              		.syntax unified
 2210              	@ 142 "Drivers/CMSIS/Include/cmsis_gcc.h" 1
 2211 0008 72B6     		cpsid i
 2212              	@ 0 "" 2
 2213              		.thumb
 2214              		.syntax unified
 2215              	.LBE135:
 2216              	.LBE134:
 856:Library/Src/fifo.c **** 
 857:Library/Src/fifo.c ****   // Empty ?
 858:Library/Src/fifo.c ****   if (0 == p_fifo->used_num)
 2217              		.loc 1 858 3 view .LVU700
 2218              		.loc 1 858 18 is_stmt 0 view .LVU701
 2219 000a C368     		ldr	r3, [r0, #12]
 2220              		.loc 1 858 6 view .LVU702
 2221 000c C3B1     		cbz	r3, .L95
 2222 000e 0846     		mov	r0, r1
 2223              	.LVL184:
 859:Library/Src/fifo.c ****   {
 860:Library/Src/fifo.c ****     //! Error, FIFO is Empty!
 861:Library/Src/fifo.c ****     goto end;
 862:Library/Src/fifo.c ****   }
 863:Library/Src/fifo.c **** 
 864:Library/Src/fifo.c ****   //! Copy Data
 865:Library/Src/fifo.c **** 
 866:Library/Src/fifo.c ****   if (p_fifo->p_read_addr > p_fifo->p_end_addr)
 2224              		.loc 1 866 3 is_stmt 1 view .LVU703
 2225              		.loc 1 866 13 is_stmt 0 view .LVU704
 2226 0010 6269     		ldr	r2, [r4, #20]
 2227              		.loc 1 866 35 view .LVU705
 2228 0012 6368     		ldr	r3, [r4, #4]
 2229              		.loc 1 866 6 view .LVU706
ARM GAS  C:\Users\cyz19\AppData\Local\Temp\ccXlZxSa.s 			page 65


 2230 0014 9A42     		cmp	r2, r3
 2231 0016 01D9     		bls	.L93
 867:Library/Src/fifo.c ****   {
 868:Library/Src/fifo.c ****     p_fifo->p_read_addr = p_fifo->p_start_addr;
 2232              		.loc 1 868 5 is_stmt 1 view .LVU707
 2233              		.loc 1 868 33 is_stmt 0 view .LVU708
 2234 0018 2368     		ldr	r3, [r4]
 2235              		.loc 1 868 25 view .LVU709
 2236 001a 6361     		str	r3, [r4, #20]
 2237              	.L93:
 869:Library/Src/fifo.c ****   }
 870:Library/Src/fifo.c ****   memcpy(p_element, p_fifo->p_read_addr, p_fifo->unit_size);
 2238              		.loc 1 870 3 is_stmt 1 view .LVU710
 2239 001c 2269     		ldr	r2, [r4, #16]
 2240 001e 6169     		ldr	r1, [r4, #20]
 2241              	.LVL185:
 2242              		.loc 1 870 3 is_stmt 0 view .LVU711
 2243 0020 FFF7FEFF 		bl	memcpy
 2244              	.LVL186:
 871:Library/Src/fifo.c ****   p_fifo->p_read_addr += p_fifo->unit_size;
 2245              		.loc 1 871 3 is_stmt 1 view .LVU712
 2246              		.loc 1 871 32 is_stmt 0 view .LVU713
 2247 0024 2269     		ldr	r2, [r4, #16]
 2248              		.loc 1 871 23 view .LVU714
 2249 0026 6369     		ldr	r3, [r4, #20]
 2250 0028 1344     		add	r3, r3, r2
 2251 002a 6361     		str	r3, [r4, #20]
 872:Library/Src/fifo.c ****   p_fifo->free_num++;
 2252              		.loc 1 872 3 is_stmt 1 view .LVU715
 2253              		.loc 1 872 9 is_stmt 0 view .LVU716
 2254 002c A368     		ldr	r3, [r4, #8]
 2255              		.loc 1 872 19 view .LVU717
 2256 002e 0133     		adds	r3, r3, #1
 2257 0030 A360     		str	r3, [r4, #8]
 873:Library/Src/fifo.c ****   p_fifo->used_num--;
 2258              		.loc 1 873 3 is_stmt 1 view .LVU718
 2259              		.loc 1 873 9 is_stmt 0 view .LVU719
 2260 0032 E368     		ldr	r3, [r4, #12]
 2261              		.loc 1 873 19 view .LVU720
 2262 0034 013B     		subs	r3, r3, #1
 2263 0036 E360     		str	r3, [r4, #12]
 874:Library/Src/fifo.c ****   //Interrupt On
 875:Library/Src/fifo.c ****   FIFO_RESTORE_CPU_SR(cpu_sr);
 2264              		.loc 1 875 3 is_stmt 1 view .LVU721
 2265              	.LVL187:
 2266              	.LBB136:
 2267              	.LBI136:
 412:Drivers/CMSIS/Include/cmsis_gcc.h **** {
 2268              		.loc 2 412 27 view .LVU722
 2269              	.LBB137:
 2270              		.loc 2 414 3 view .LVU723
 2271              		.syntax unified
 2272              	@ 414 "Drivers/CMSIS/Include/cmsis_gcc.h" 1
 2273 0038 85F31088 		MSR primask, r5
 2274              	@ 0 "" 2
 2275              	.LVL188:
 2276              		.loc 2 414 3 is_stmt 0 view .LVU724
ARM GAS  C:\Users\cyz19\AppData\Local\Temp\ccXlZxSa.s 			page 66


 2277              		.thumb
 2278              		.syntax unified
 2279              	.LBE137:
 2280              	.LBE136:
 876:Library/Src/fifo.c ****   return (0);
 2281              		.loc 1 876 3 is_stmt 1 view .LVU725
 2282              		.loc 1 876 10 is_stmt 0 view .LVU726
 2283 003c 0020     		movs	r0, #0
 2284              	.L90:
 877:Library/Src/fifo.c **** end:
 878:Library/Src/fifo.c ****   //Interrupt On
 879:Library/Src/fifo.c ****   FIFO_RESTORE_CPU_SR(cpu_sr);
 880:Library/Src/fifo.c ****   return (-1);
 881:Library/Src/fifo.c **** }
 2285              		.loc 1 881 1 view .LVU727
 2286 003e 38BD     		pop	{r3, r4, r5, pc}
 2287              	.LVL189:
 2288              	.L95:
 861:Library/Src/fifo.c ****   }
 2289              		.loc 1 861 5 is_stmt 1 view .LVU728
 2290              	.LDL3:
 879:Library/Src/fifo.c ****   return (-1);
 2291              		.loc 1 879 3 view .LVU729
 2292              	.LBB138:
 2293              	.LBI138:
 412:Drivers/CMSIS/Include/cmsis_gcc.h **** {
 2294              		.loc 2 412 27 view .LVU730
 2295              	.LBB139:
 2296              		.loc 2 414 3 view .LVU731
 2297              		.syntax unified
 2298              	@ 414 "Drivers/CMSIS/Include/cmsis_gcc.h" 1
 2299 0040 85F31088 		MSR primask, r5
 2300              	@ 0 "" 2
 2301              	.LVL190:
 2302              		.loc 2 414 3 is_stmt 0 view .LVU732
 2303              		.thumb
 2304              		.syntax unified
 2305              	.LBE139:
 2306              	.LBE138:
 880:Library/Src/fifo.c **** }
 2307              		.loc 1 880 3 is_stmt 1 view .LVU733
 880:Library/Src/fifo.c **** }
 2308              		.loc 1 880 10 is_stmt 0 view .LVU734
 2309 0044 4FF0FF30 		mov	r0, #-1
 2310              	.LVL191:
 880:Library/Src/fifo.c **** }
 2311              		.loc 1 880 10 view .LVU735
 2312 0048 F9E7     		b	.L90
 2313              		.cfi_endproc
 2314              	.LFE155:
 2316              		.section	.text.fifo_get_noprotect,"ax",%progbits
 2317              		.align	1
 2318              		.global	fifo_get_noprotect
 2319              		.syntax unified
 2320              		.thumb
 2321              		.thumb_func
 2323              	fifo_get_noprotect:
ARM GAS  C:\Users\cyz19\AppData\Local\Temp\ccXlZxSa.s 			page 67


 2324              	.LVL192:
 2325              	.LFB156:
 882:Library/Src/fifo.c **** 
 883:Library/Src/fifo.c **** //******************************************************************************************
 884:Library/Src/fifo.c **** //
 885:Library/Src/fifo.c **** //! \brief  Get an element from FIFO.
 886:Library/Src/fifo.c **** //!
 887:Library/Src/fifo.c **** //! \param  [in]  pFIFO is the pointer of valid FIFO.
 888:Library/Src/fifo.c **** //! \param  [out] pElement is the address of element you want to get
 889:Library/Src/fifo.c **** //!
 890:Library/Src/fifo.c **** //! \retval 0 if operate successfully, otherwise return -1.
 891:Library/Src/fifo.c **** //
 892:Library/Src/fifo.c **** //******************************************************************************************
 893:Library/Src/fifo.c **** int fifo_get_noprotect(fifo_t *p_fifo, void *p_element)
 894:Library/Src/fifo.c **** {
 2326              		.loc 1 894 1 is_stmt 1 view -0
 2327              		.cfi_startproc
 2328              		@ args = 0, pretend = 0, frame = 0
 2329              		@ frame_needed = 0, uses_anonymous_args = 0
 2330              		.loc 1 894 1 is_stmt 0 view .LVU737
 2331 0000 10B5     		push	{r4, lr}
 2332              	.LCFI17:
 2333              		.cfi_def_cfa_offset 8
 2334              		.cfi_offset 4, -8
 2335              		.cfi_offset 14, -4
 2336 0002 0446     		mov	r4, r0
 895:Library/Src/fifo.c ****   //! Check input parameters.
 896:Library/Src/fifo.c ****   ASSERT(p_fifo);
 2337              		.loc 1 896 17 is_stmt 1 view .LVU738
 897:Library/Src/fifo.c ****   ASSERT(p_element);
 2338              		.loc 1 897 20 view .LVU739
 898:Library/Src/fifo.c **** 
 899:Library/Src/fifo.c ****   // Empty ?
 900:Library/Src/fifo.c ****   if (0 == p_fifo->used_num)
 2339              		.loc 1 900 3 view .LVU740
 2340              		.loc 1 900 18 is_stmt 0 view .LVU741
 2341 0004 C368     		ldr	r3, [r0, #12]
 2342              		.loc 1 900 6 view .LVU742
 2343 0006 B3B1     		cbz	r3, .L99
 2344 0008 0846     		mov	r0, r1
 2345              	.LVL193:
 901:Library/Src/fifo.c ****   {
 902:Library/Src/fifo.c ****     //! Error, FIFO is Empty!
 903:Library/Src/fifo.c ****     return (-1);
 904:Library/Src/fifo.c ****   }
 905:Library/Src/fifo.c **** 
 906:Library/Src/fifo.c ****   //! Copy Data
 907:Library/Src/fifo.c ****   if (p_fifo->p_read_addr > p_fifo->p_end_addr)
 2346              		.loc 1 907 3 is_stmt 1 view .LVU743
 2347              		.loc 1 907 13 is_stmt 0 view .LVU744
 2348 000a 6269     		ldr	r2, [r4, #20]
 2349              		.loc 1 907 35 view .LVU745
 2350 000c 6368     		ldr	r3, [r4, #4]
 2351              		.loc 1 907 6 view .LVU746
 2352 000e 9A42     		cmp	r2, r3
 2353 0010 01D9     		bls	.L98
 908:Library/Src/fifo.c ****   {
ARM GAS  C:\Users\cyz19\AppData\Local\Temp\ccXlZxSa.s 			page 68


 909:Library/Src/fifo.c ****     p_fifo->p_read_addr = p_fifo->p_start_addr;
 2354              		.loc 1 909 5 is_stmt 1 view .LVU747
 2355              		.loc 1 909 33 is_stmt 0 view .LVU748
 2356 0012 2368     		ldr	r3, [r4]
 2357              		.loc 1 909 25 view .LVU749
 2358 0014 6361     		str	r3, [r4, #20]
 2359              	.L98:
 910:Library/Src/fifo.c ****   }
 911:Library/Src/fifo.c ****   memcpy(p_element, p_fifo->p_read_addr, p_fifo->unit_size);
 2360              		.loc 1 911 3 is_stmt 1 view .LVU750
 2361 0016 2269     		ldr	r2, [r4, #16]
 2362 0018 6169     		ldr	r1, [r4, #20]
 2363              	.LVL194:
 2364              		.loc 1 911 3 is_stmt 0 view .LVU751
 2365 001a FFF7FEFF 		bl	memcpy
 2366              	.LVL195:
 912:Library/Src/fifo.c ****   p_fifo->p_read_addr += p_fifo->unit_size;
 2367              		.loc 1 912 3 is_stmt 1 view .LVU752
 2368              		.loc 1 912 32 is_stmt 0 view .LVU753
 2369 001e 2269     		ldr	r2, [r4, #16]
 2370              		.loc 1 912 23 view .LVU754
 2371 0020 6369     		ldr	r3, [r4, #20]
 2372 0022 1344     		add	r3, r3, r2
 2373 0024 6361     		str	r3, [r4, #20]
 913:Library/Src/fifo.c ****   p_fifo->free_num++;
 2374              		.loc 1 913 3 is_stmt 1 view .LVU755
 2375              		.loc 1 913 9 is_stmt 0 view .LVU756
 2376 0026 A368     		ldr	r3, [r4, #8]
 2377              		.loc 1 913 19 view .LVU757
 2378 0028 0133     		adds	r3, r3, #1
 2379 002a A360     		str	r3, [r4, #8]
 914:Library/Src/fifo.c ****   p_fifo->used_num--;
 2380              		.loc 1 914 3 is_stmt 1 view .LVU758
 2381              		.loc 1 914 9 is_stmt 0 view .LVU759
 2382 002c E368     		ldr	r3, [r4, #12]
 2383              		.loc 1 914 19 view .LVU760
 2384 002e 013B     		subs	r3, r3, #1
 2385 0030 E360     		str	r3, [r4, #12]
 915:Library/Src/fifo.c **** 
 916:Library/Src/fifo.c ****   return (0);
 2386              		.loc 1 916 3 is_stmt 1 view .LVU761
 2387              		.loc 1 916 10 is_stmt 0 view .LVU762
 2388 0032 0020     		movs	r0, #0
 2389              	.L96:
 917:Library/Src/fifo.c **** }
 2390              		.loc 1 917 1 view .LVU763
 2391 0034 10BD     		pop	{r4, pc}
 2392              	.LVL196:
 2393              	.L99:
 903:Library/Src/fifo.c ****   }
 2394              		.loc 1 903 12 view .LVU764
 2395 0036 4FF0FF30 		mov	r0, #-1
 2396              	.LVL197:
 903:Library/Src/fifo.c ****   }
 2397              		.loc 1 903 12 view .LVU765
 2398 003a FBE7     		b	.L96
 2399              		.cfi_endproc
ARM GAS  C:\Users\cyz19\AppData\Local\Temp\ccXlZxSa.s 			page 69


 2400              	.LFE156:
 2402              		.section	.text.fifo_pre_read,"ax",%progbits
 2403              		.align	1
 2404              		.global	fifo_pre_read
 2405              		.syntax unified
 2406              		.thumb
 2407              		.thumb_func
 2409              	fifo_pre_read:
 2410              	.LVL198:
 2411              	.LFB157:
 918:Library/Src/fifo.c **** 
 919:Library/Src/fifo.c **** //******************************************************************************************
 920:Library/Src/fifo.c **** //
 921:Library/Src/fifo.c **** //! \brief  Pre-Read an element from FIFO.
 922:Library/Src/fifo.c **** //!
 923:Library/Src/fifo.c **** //! \param  [in]  pFIFO is the pointer of valid FIFO.
 924:Library/Src/fifo.c **** //! \param  [in]  Offset is the offset from current pointer.
 925:Library/Src/fifo.c **** //! \param  [out] pElement is the address of element you want to get
 926:Library/Src/fifo.c **** //!
 927:Library/Src/fifo.c **** //! \retval 0 if operate successfully, otherwise return -1.
 928:Library/Src/fifo.c **** //
 929:Library/Src/fifo.c **** //******************************************************************************************
 930:Library/Src/fifo.c **** int fifo_pre_read(fifo_t *p_fifo, char offset, void *p_element)
 931:Library/Src/fifo.c **** {
 2412              		.loc 1 931 1 is_stmt 1 view -0
 2413              		.cfi_startproc
 2414              		@ args = 0, pretend = 0, frame = 0
 2415              		@ frame_needed = 0, uses_anonymous_args = 0
 2416              		.loc 1 931 1 is_stmt 0 view .LVU767
 2417 0000 08B5     		push	{r3, lr}
 2418              	.LCFI18:
 2419              		.cfi_def_cfa_offset 8
 2420              		.cfi_offset 3, -8
 2421              		.cfi_offset 14, -4
 2422 0002 8446     		mov	ip, r0
 932:Library/Src/fifo.c ****   char *_pre_red_index = (void *)0;
 2423              		.loc 1 932 3 is_stmt 1 view .LVU768
 2424              	.LVL199:
 933:Library/Src/fifo.c **** 
 934:Library/Src/fifo.c ****   //! Check input parameters.
 935:Library/Src/fifo.c ****   ASSERT(p_fifo);
 2425              		.loc 1 935 17 view .LVU769
 936:Library/Src/fifo.c ****   ASSERT(p_element);
 2426              		.loc 1 936 20 view .LVU770
 937:Library/Src/fifo.c **** 
 938:Library/Src/fifo.c ****   // OverFlow ?
 939:Library/Src/fifo.c ****   if (offset >= p_fifo->used_num)
 2427              		.loc 1 939 3 view .LVU771
 2428              		.loc 1 939 23 is_stmt 0 view .LVU772
 2429 0004 C368     		ldr	r3, [r0, #12]
 2430              		.loc 1 939 6 view .LVU773
 2431 0006 9942     		cmp	r1, r3
 2432 0008 14DA     		bge	.L105
 2433 000a 1046     		mov	r0, r2
 2434              	.LVL200:
 940:Library/Src/fifo.c ****   {
 941:Library/Src/fifo.c ****     return (-1);
ARM GAS  C:\Users\cyz19\AppData\Local\Temp\ccXlZxSa.s 			page 70


 942:Library/Src/fifo.c ****   }
 943:Library/Src/fifo.c **** 
 944:Library/Src/fifo.c ****   // Move Read Pointer to right position
 945:Library/Src/fifo.c ****   _pre_red_index = p_fifo->p_read_addr + p_fifo->unit_size * offset;
 2435              		.loc 1 945 3 is_stmt 1 view .LVU774
 2436              		.loc 1 945 26 is_stmt 0 view .LVU775
 2437 000c DCF81430 		ldr	r3, [ip, #20]
 2438              		.loc 1 945 48 view .LVU776
 2439 0010 DCF81020 		ldr	r2, [ip, #16]
 2440              	.LVL201:
 2441              		.loc 1 945 18 view .LVU777
 2442 0014 02FB0131 		mla	r1, r2, r1, r3
 2443              	.LVL202:
 946:Library/Src/fifo.c ****   while (_pre_red_index > p_fifo->p_end_addr)
 2444              		.loc 1 946 3 is_stmt 1 view .LVU778
 2445              		.loc 1 946 9 is_stmt 0 view .LVU779
 2446 0018 04E0     		b	.L103
 2447              	.L104:
 947:Library/Src/fifo.c ****   {
 948:Library/Src/fifo.c ****     _pre_red_index = _pre_red_index - p_fifo->p_end_addr + p_fifo->p_start_addr - 1;
 2448              		.loc 1 948 5 is_stmt 1 view .LVU780
 2449              		.loc 1 948 37 is_stmt 0 view .LVU781
 2450 001a C91A     		subs	r1, r1, r3
 2451              	.LVL203:
 2452              		.loc 1 948 81 view .LVU782
 2453 001c 0139     		subs	r1, r1, #1
 2454              		.loc 1 948 20 view .LVU783
 2455 001e DCF80030 		ldr	r3, [ip]
 2456 0022 1944     		add	r1, r1, r3
 2457              	.LVL204:
 2458              	.L103:
 946:Library/Src/fifo.c ****   while (_pre_red_index > p_fifo->p_end_addr)
 2459              		.loc 1 946 9 is_stmt 1 view .LVU784
 946:Library/Src/fifo.c ****   while (_pre_red_index > p_fifo->p_end_addr)
 2460              		.loc 1 946 33 is_stmt 0 view .LVU785
 2461 0024 DCF80430 		ldr	r3, [ip, #4]
 946:Library/Src/fifo.c ****   while (_pre_red_index > p_fifo->p_end_addr)
 2462              		.loc 1 946 9 view .LVU786
 2463 0028 8B42     		cmp	r3, r1
 2464 002a F6D3     		bcc	.L104
 949:Library/Src/fifo.c ****   }
 950:Library/Src/fifo.c ****   //! Copy Data
 951:Library/Src/fifo.c ****   memcpy(p_element, _pre_red_index, p_fifo->unit_size);
 2465              		.loc 1 951 3 is_stmt 1 view .LVU787
 2466 002c FFF7FEFF 		bl	memcpy
 2467              	.LVL205:
 952:Library/Src/fifo.c **** 
 953:Library/Src/fifo.c ****   return (0);
 2468              		.loc 1 953 3 view .LVU788
 2469              		.loc 1 953 10 is_stmt 0 view .LVU789
 2470 0030 0020     		movs	r0, #0
 2471              	.L101:
 954:Library/Src/fifo.c **** }
 2472              		.loc 1 954 1 view .LVU790
 2473 0032 08BD     		pop	{r3, pc}
 2474              	.LVL206:
 2475              	.L105:
ARM GAS  C:\Users\cyz19\AppData\Local\Temp\ccXlZxSa.s 			page 71


 941:Library/Src/fifo.c ****   }
 2476              		.loc 1 941 12 view .LVU791
 2477 0034 4FF0FF30 		mov	r0, #-1
 2478              	.LVL207:
 941:Library/Src/fifo.c ****   }
 2479              		.loc 1 941 12 view .LVU792
 2480 0038 FBE7     		b	.L101
 2481              		.cfi_endproc
 2482              	.LFE157:
 2484              		.section	.text.fifo_is_empty,"ax",%progbits
 2485              		.align	1
 2486              		.global	fifo_is_empty
 2487              		.syntax unified
 2488              		.thumb
 2489              		.thumb_func
 2491              	fifo_is_empty:
 2492              	.LVL208:
 2493              	.LFB158:
 955:Library/Src/fifo.c **** 
 956:Library/Src/fifo.c **** //******************************************************************************************
 957:Library/Src/fifo.c **** //
 958:Library/Src/fifo.c **** //! \brief  FIFO is empty ?
 959:Library/Src/fifo.c **** //!
 960:Library/Src/fifo.c **** //! \param  [in] pFIFO is the pointer of valid FIFO.
 961:Library/Src/fifo.c **** //!
 962:Library/Src/fifo.c **** //! \retval - None-zero(true) if empty.
 963:Library/Src/fifo.c **** //!         - Zero(false) if not empty.
 964:Library/Src/fifo.c **** //
 965:Library/Src/fifo.c **** //******************************************************************************************
 966:Library/Src/fifo.c **** int fifo_is_empty(fifo_t *p_fifo)
 967:Library/Src/fifo.c **** {
 2494              		.loc 1 967 1 is_stmt 1 view -0
 2495              		.cfi_startproc
 2496              		@ args = 0, pretend = 0, frame = 0
 2497              		@ frame_needed = 0, uses_anonymous_args = 0
 2498              		@ link register save eliminated.
 968:Library/Src/fifo.c ****   //! Check input parameter.
 969:Library/Src/fifo.c ****   ASSERT(p_fifo);
 2499              		.loc 1 969 17 view .LVU794
 970:Library/Src/fifo.c **** 
 971:Library/Src/fifo.c ****   return (0 == p_fifo->used_num);
 2500              		.loc 1 971 3 view .LVU795
 2501              		.loc 1 971 22 is_stmt 0 view .LVU796
 2502 0000 C068     		ldr	r0, [r0, #12]
 2503              	.LVL209:
 972:Library/Src/fifo.c **** }
 2504              		.loc 1 972 1 view .LVU797
 2505 0002 B0FA80F0 		clz	r0, r0
 2506 0006 4009     		lsrs	r0, r0, #5
 2507 0008 7047     		bx	lr
 2508              		.cfi_endproc
 2509              	.LFE158:
 2511              		.section	.text.fifo_is_full,"ax",%progbits
 2512              		.align	1
 2513              		.global	fifo_is_full
 2514              		.syntax unified
 2515              		.thumb
ARM GAS  C:\Users\cyz19\AppData\Local\Temp\ccXlZxSa.s 			page 72


 2516              		.thumb_func
 2518              	fifo_is_full:
 2519              	.LVL210:
 2520              	.LFB159:
 973:Library/Src/fifo.c **** 
 974:Library/Src/fifo.c **** //******************************************************************************************
 975:Library/Src/fifo.c **** //
 976:Library/Src/fifo.c **** //! \brief  FIFO is full ?
 977:Library/Src/fifo.c **** //!
 978:Library/Src/fifo.c **** //! \param  [in] pFIFO is the pointer of valid FIFO.
 979:Library/Src/fifo.c **** //!
 980:Library/Src/fifo.c **** //! \retval - None-zero(true) if full.
 981:Library/Src/fifo.c **** //!         - Zero(false) if not full.
 982:Library/Src/fifo.c **** //
 983:Library/Src/fifo.c **** //******************************************************************************************
 984:Library/Src/fifo.c **** int fifo_is_full(fifo_t *p_fifo)
 985:Library/Src/fifo.c **** {
 2521              		.loc 1 985 1 is_stmt 1 view -0
 2522              		.cfi_startproc
 2523              		@ args = 0, pretend = 0, frame = 0
 2524              		@ frame_needed = 0, uses_anonymous_args = 0
 2525              		@ link register save eliminated.
 986:Library/Src/fifo.c ****   //! Check input parameter.
 987:Library/Src/fifo.c ****   ASSERT(p_fifo);
 2526              		.loc 1 987 17 view .LVU799
 988:Library/Src/fifo.c **** 
 989:Library/Src/fifo.c ****   return (0 == p_fifo->free_num);
 2527              		.loc 1 989 3 view .LVU800
 2528              		.loc 1 989 22 is_stmt 0 view .LVU801
 2529 0000 8068     		ldr	r0, [r0, #8]
 2530              	.LVL211:
 990:Library/Src/fifo.c **** }
 2531              		.loc 1 990 1 view .LVU802
 2532 0002 B0FA80F0 		clz	r0, r0
 2533 0006 4009     		lsrs	r0, r0, #5
 2534 0008 7047     		bx	lr
 2535              		.cfi_endproc
 2536              	.LFE159:
 2538              		.section	.text.fifo_used,"ax",%progbits
 2539              		.align	1
 2540              		.global	fifo_used
 2541              		.syntax unified
 2542              		.thumb
 2543              		.thumb_func
 2545              	fifo_used:
 2546              	.LVL212:
 2547              	.LFB160:
 991:Library/Src/fifo.c **** 
 992:Library/Src/fifo.c **** //******************************************************************************************
 993:Library/Src/fifo.c **** //
 994:Library/Src/fifo.c **** //! \brief  Get FIFO the number of elements?
 995:Library/Src/fifo.c **** //!
 996:Library/Src/fifo.c **** //! \param  [in] pFIFO is the pointer of valid FIFO.
 997:Library/Src/fifo.c **** //!
 998:Library/Src/fifo.c **** //! \retval The number of elements in FIFO.
 999:Library/Src/fifo.c **** //
1000:Library/Src/fifo.c **** //******************************************************************************************
ARM GAS  C:\Users\cyz19\AppData\Local\Temp\ccXlZxSa.s 			page 73


1001:Library/Src/fifo.c **** int fifo_used(fifo_t *p_fifo)
1002:Library/Src/fifo.c **** {
 2548              		.loc 1 1002 1 is_stmt 1 view -0
 2549              		.cfi_startproc
 2550              		@ args = 0, pretend = 0, frame = 0
 2551              		@ frame_needed = 0, uses_anonymous_args = 0
 2552              		@ link register save eliminated.
1003:Library/Src/fifo.c ****   //! Check input parameter.
1004:Library/Src/fifo.c ****   ASSERT(p_fifo);
 2553              		.loc 1 1004 17 view .LVU804
1005:Library/Src/fifo.c **** 
1006:Library/Src/fifo.c ****   return (p_fifo->used_num);
 2554              		.loc 1 1006 3 view .LVU805
1007:Library/Src/fifo.c **** }
 2555              		.loc 1 1007 1 is_stmt 0 view .LVU806
 2556 0000 C068     		ldr	r0, [r0, #12]
 2557              	.LVL213:
 2558              		.loc 1 1007 1 view .LVU807
 2559 0002 7047     		bx	lr
 2560              		.cfi_endproc
 2561              	.LFE160:
 2563              		.section	.text.fifo_free,"ax",%progbits
 2564              		.align	1
 2565              		.global	fifo_free
 2566              		.syntax unified
 2567              		.thumb
 2568              		.thumb_func
 2570              	fifo_free:
 2571              	.LVL214:
 2572              	.LFB161:
1008:Library/Src/fifo.c **** 
1009:Library/Src/fifo.c **** //******************************************************************************************
1010:Library/Src/fifo.c **** //
1011:Library/Src/fifo.c **** //! \brief  Get FIFO the number of elements?
1012:Library/Src/fifo.c **** //!
1013:Library/Src/fifo.c **** //! \param  [in] pFIFO is the pointer of valid FIFO.
1014:Library/Src/fifo.c **** //!
1015:Library/Src/fifo.c **** //! \retval The number of elements in FIFO.
1016:Library/Src/fifo.c **** //
1017:Library/Src/fifo.c **** //******************************************************************************************
1018:Library/Src/fifo.c **** int fifo_free(fifo_t *p_fifo)
1019:Library/Src/fifo.c **** {
 2573              		.loc 1 1019 1 is_stmt 1 view -0
 2574              		.cfi_startproc
 2575              		@ args = 0, pretend = 0, frame = 0
 2576              		@ frame_needed = 0, uses_anonymous_args = 0
 2577              		@ link register save eliminated.
1020:Library/Src/fifo.c ****   //! Check input parameter.
1021:Library/Src/fifo.c ****   ASSERT(p_fifo);
 2578              		.loc 1 1021 17 view .LVU809
1022:Library/Src/fifo.c **** 
1023:Library/Src/fifo.c ****   return (p_fifo->free_num);
 2579              		.loc 1 1023 3 view .LVU810
1024:Library/Src/fifo.c **** }
 2580              		.loc 1 1024 1 is_stmt 0 view .LVU811
 2581 0000 8068     		ldr	r0, [r0, #8]
 2582              	.LVL215:
ARM GAS  C:\Users\cyz19\AppData\Local\Temp\ccXlZxSa.s 			page 74


 2583              		.loc 1 1024 1 view .LVU812
 2584 0002 7047     		bx	lr
 2585              		.cfi_endproc
 2586              	.LFE161:
 2588              		.section	.text.fifo_flush,"ax",%progbits
 2589              		.align	1
 2590              		.global	fifo_flush
 2591              		.syntax unified
 2592              		.thumb
 2593              		.thumb_func
 2595              	fifo_flush:
 2596              	.LVL216:
 2597              	.LFB162:
1025:Library/Src/fifo.c **** 
1026:Library/Src/fifo.c **** //******************************************************************************************
1027:Library/Src/fifo.c **** //
1028:Library/Src/fifo.c **** //! \brief  Flush the content of FIFO.
1029:Library/Src/fifo.c **** //!
1030:Library/Src/fifo.c **** //! \param  [in] pFIFO is the pointer of valid FIFO.
1031:Library/Src/fifo.c **** //!
1032:Library/Src/fifo.c **** //! \retval 0 if success, -1 if failure.
1033:Library/Src/fifo.c **** //
1034:Library/Src/fifo.c **** //******************************************************************************************
1035:Library/Src/fifo.c **** int fifo_flush(fifo_t *p_fifo)
1036:Library/Src/fifo.c **** {
 2598              		.loc 1 1036 1 is_stmt 1 view -0
 2599              		.cfi_startproc
 2600              		@ args = 0, pretend = 0, frame = 0
 2601              		@ frame_needed = 0, uses_anonymous_args = 0
 2602              		@ link register save eliminated.
 2603              		.loc 1 1036 1 is_stmt 0 view .LVU814
 2604 0000 0346     		mov	r3, r0
1037:Library/Src/fifo.c ****   FIFO_CPU_SR_TYPE cpu_sr;
 2605              		.loc 1 1037 3 is_stmt 1 view .LVU815
1038:Library/Src/fifo.c ****   //! Check input parameters.
1039:Library/Src/fifo.c ****   ASSERT(p_fifo);
 2606              		.loc 1 1039 17 view .LVU816
1040:Library/Src/fifo.c **** 
1041:Library/Src/fifo.c ****   //! Initialize FIFO Control Block.
1042:Library/Src/fifo.c ****   //Interrupt Off;
1043:Library/Src/fifo.c ****   cpu_sr = FIFO_GET_CPU_SR();
 2607              		.loc 1 1043 3 view .LVU817
 2608              	.LBB140:
 2609              	.LBI140:
 382:Drivers/CMSIS/Include/cmsis_gcc.h **** {
 2610              		.loc 2 382 31 view .LVU818
 2611              	.LBB141:
 384:Drivers/CMSIS/Include/cmsis_gcc.h **** 
 2612              		.loc 2 384 3 view .LVU819
 386:Drivers/CMSIS/Include/cmsis_gcc.h ****   return(result);
 2613              		.loc 2 386 3 view .LVU820
 2614              		.syntax unified
 2615              	@ 386 "Drivers/CMSIS/Include/cmsis_gcc.h" 1
 2616 0002 EFF3108C 		MRS ip, primask
 2617              	@ 0 "" 2
 2618              	.LVL217:
 387:Drivers/CMSIS/Include/cmsis_gcc.h **** }
ARM GAS  C:\Users\cyz19\AppData\Local\Temp\ccXlZxSa.s 			page 75


 2619              		.loc 2 387 3 view .LVU821
 387:Drivers/CMSIS/Include/cmsis_gcc.h **** }
 2620              		.loc 2 387 3 is_stmt 0 view .LVU822
 2621              		.thumb
 2622              		.syntax unified
 2623              	.LBE141:
 2624              	.LBE140:
1044:Library/Src/fifo.c ****   FIFO_ENTER_CRITICAL();
 2625              		.loc 1 1044 3 is_stmt 1 view .LVU823
 2626              	.LBB142:
 2627              	.LBI142:
 140:Drivers/CMSIS/Include/cmsis_gcc.h **** {
 2628              		.loc 2 140 27 view .LVU824
 2629              	.LBB143:
 142:Drivers/CMSIS/Include/cmsis_gcc.h **** }
 2630              		.loc 2 142 3 view .LVU825
 2631              		.syntax unified
 2632              	@ 142 "Drivers/CMSIS/Include/cmsis_gcc.h" 1
 2633 0006 72B6     		cpsid i
 2634              	@ 0 "" 2
 2635              		.thumb
 2636              		.syntax unified
 2637              	.LBE143:
 2638              	.LBE142:
1045:Library/Src/fifo.c **** 
1046:Library/Src/fifo.c ****   p_fifo->free_num = (p_fifo->p_end_addr - p_fifo->p_start_addr) / (p_fifo->unit_size);
 2639              		.loc 1 1046 3 view .LVU826
 2640              		.loc 1 1046 29 is_stmt 0 view .LVU827
 2641 0008 4268     		ldr	r2, [r0, #4]
 2642              		.loc 1 1046 50 view .LVU828
 2643 000a 0168     		ldr	r1, [r0]
 2644              		.loc 1 1046 42 view .LVU829
 2645 000c 521A     		subs	r2, r2, r1
 2646              		.loc 1 1046 75 view .LVU830
 2647 000e 0069     		ldr	r0, [r0, #16]
 2648              	.LVL218:
 2649              		.loc 1 1046 66 view .LVU831
 2650 0010 92FBF0F2 		sdiv	r2, r2, r0
 2651              		.loc 1 1046 20 view .LVU832
 2652 0014 9A60     		str	r2, [r3, #8]
1047:Library/Src/fifo.c ****   p_fifo->used_num = 0;
 2653              		.loc 1 1047 3 is_stmt 1 view .LVU833
 2654              		.loc 1 1047 20 is_stmt 0 view .LVU834
 2655 0016 0020     		movs	r0, #0
 2656 0018 D860     		str	r0, [r3, #12]
1048:Library/Src/fifo.c ****   p_fifo->p_read_addr = p_fifo->p_start_addr;
 2657              		.loc 1 1048 3 is_stmt 1 view .LVU835
 2658              		.loc 1 1048 23 is_stmt 0 view .LVU836
 2659 001a 5961     		str	r1, [r3, #20]
1049:Library/Src/fifo.c ****   p_fifo->p_write_addr = p_fifo->p_start_addr;
 2660              		.loc 1 1049 3 is_stmt 1 view .LVU837
 2661              		.loc 1 1049 24 is_stmt 0 view .LVU838
 2662 001c 9961     		str	r1, [r3, #24]
1050:Library/Src/fifo.c ****   //Interrupt On
1051:Library/Src/fifo.c ****   FIFO_RESTORE_CPU_SR(cpu_sr);
 2663              		.loc 1 1051 3 is_stmt 1 view .LVU839
 2664              	.LVL219:
ARM GAS  C:\Users\cyz19\AppData\Local\Temp\ccXlZxSa.s 			page 76


 2665              	.LBB144:
 2666              	.LBI144:
 412:Drivers/CMSIS/Include/cmsis_gcc.h **** {
 2667              		.loc 2 412 27 view .LVU840
 2668              	.LBB145:
 2669              		.loc 2 414 3 view .LVU841
 2670              		.syntax unified
 2671              	@ 414 "Drivers/CMSIS/Include/cmsis_gcc.h" 1
 2672 001e 8CF31088 		MSR primask, ip
 2673              	@ 0 "" 2
 2674              	.LVL220:
 2675              		.loc 2 414 3 is_stmt 0 view .LVU842
 2676              		.thumb
 2677              		.syntax unified
 2678              	.LBE145:
 2679              	.LBE144:
1052:Library/Src/fifo.c **** 
1053:Library/Src/fifo.c ****   return (0);
 2680              		.loc 1 1053 3 is_stmt 1 view .LVU843
1054:Library/Src/fifo.c **** }
 2681              		.loc 1 1054 1 is_stmt 0 view .LVU844
 2682 0022 7047     		bx	lr
 2683              		.cfi_endproc
 2684              	.LFE162:
 2686              		.text
 2687              	.Letext0:
 2688              		.file 3 "c:\\program files (x86)\\gnu arm embedded toolchain\\10 2021.10\\arm-none-eabi\\include\\
 2689              		.file 4 "c:\\program files (x86)\\gnu arm embedded toolchain\\10 2021.10\\arm-none-eabi\\include\\
 2690              		.file 5 "Library/Inc/fifo.h"
 2691              		.file 6 "c:\\program files (x86)\\gnu arm embedded toolchain\\10 2021.10\\arm-none-eabi\\include\\
 2692              		.file 7 "<built-in>"
ARM GAS  C:\Users\cyz19\AppData\Local\Temp\ccXlZxSa.s 			page 77


DEFINED SYMBOLS
                            *ABS*:00000000 fifo.c
C:\Users\cyz19\AppData\Local\Temp\ccXlZxSa.s:20     .text.fifo_s_destroy:00000000 $t
C:\Users\cyz19\AppData\Local\Temp\ccXlZxSa.s:26     .text.fifo_s_destroy:00000000 fifo_s_destroy
C:\Users\cyz19\AppData\Local\Temp\ccXlZxSa.s:61     .text.fifo_s_init:00000000 $t
C:\Users\cyz19\AppData\Local\Temp\ccXlZxSa.s:67     .text.fifo_s_init:00000000 fifo_s_init
C:\Users\cyz19\AppData\Local\Temp\ccXlZxSa.s:111    .text.fifo_s_create:00000000 $t
C:\Users\cyz19\AppData\Local\Temp\ccXlZxSa.s:117    .text.fifo_s_create:00000000 fifo_s_create
C:\Users\cyz19\AppData\Local\Temp\ccXlZxSa.s:190    .text.fifo_s_put:00000000 $t
C:\Users\cyz19\AppData\Local\Temp\ccXlZxSa.s:196    .text.fifo_s_put:00000000 fifo_s_put
C:\Users\cyz19\AppData\Local\Temp\ccXlZxSa.s:342    .text.fifo_s_puts:00000000 $t
C:\Users\cyz19\AppData\Local\Temp\ccXlZxSa.s:348    .text.fifo_s_puts:00000000 fifo_s_puts
C:\Users\cyz19\AppData\Local\Temp\ccXlZxSa.s:550    .text.fifo_s_puts_noprotect:00000000 $t
C:\Users\cyz19\AppData\Local\Temp\ccXlZxSa.s:556    .text.fifo_s_puts_noprotect:00000000 fifo_s_puts_noprotect
C:\Users\cyz19\AppData\Local\Temp\ccXlZxSa.s:689    .text.fifo_s_get:00000000 $t
C:\Users\cyz19\AppData\Local\Temp\ccXlZxSa.s:695    .text.fifo_s_get:00000000 fifo_s_get
C:\Users\cyz19\AppData\Local\Temp\ccXlZxSa.s:800    .text.fifo_s_gets:00000000 $t
C:\Users\cyz19\AppData\Local\Temp\ccXlZxSa.s:806    .text.fifo_s_gets:00000000 fifo_s_gets
C:\Users\cyz19\AppData\Local\Temp\ccXlZxSa.s:1008   .text.fifo_s_gets_noprotect:00000000 $t
C:\Users\cyz19\AppData\Local\Temp\ccXlZxSa.s:1014   .text.fifo_s_gets_noprotect:00000000 fifo_s_gets_noprotect
C:\Users\cyz19\AppData\Local\Temp\ccXlZxSa.s:1147   .text.fifo_s_preread:00000000 $t
C:\Users\cyz19\AppData\Local\Temp\ccXlZxSa.s:1153   .text.fifo_s_preread:00000000 fifo_s_preread
C:\Users\cyz19\AppData\Local\Temp\ccXlZxSa.s:1210   .text.fifo_s_prereads:00000000 $t
C:\Users\cyz19\AppData\Local\Temp\ccXlZxSa.s:1216   .text.fifo_s_prereads:00000000 fifo_s_prereads
C:\Users\cyz19\AppData\Local\Temp\ccXlZxSa.s:1409   .text.fifo_s_isempty:00000000 $t
C:\Users\cyz19\AppData\Local\Temp\ccXlZxSa.s:1415   .text.fifo_s_isempty:00000000 fifo_s_isempty
C:\Users\cyz19\AppData\Local\Temp\ccXlZxSa.s:1436   .text.fifo_s_isfull:00000000 $t
C:\Users\cyz19\AppData\Local\Temp\ccXlZxSa.s:1442   .text.fifo_s_isfull:00000000 fifo_s_isfull
C:\Users\cyz19\AppData\Local\Temp\ccXlZxSa.s:1463   .text.fifo_s_used:00000000 $t
C:\Users\cyz19\AppData\Local\Temp\ccXlZxSa.s:1469   .text.fifo_s_used:00000000 fifo_s_used
C:\Users\cyz19\AppData\Local\Temp\ccXlZxSa.s:1488   .text.fifo_s_free:00000000 $t
C:\Users\cyz19\AppData\Local\Temp\ccXlZxSa.s:1494   .text.fifo_s_free:00000000 fifo_s_free
C:\Users\cyz19\AppData\Local\Temp\ccXlZxSa.s:1513   .text.fifo_s_flush:00000000 $t
C:\Users\cyz19\AppData\Local\Temp\ccXlZxSa.s:1519   .text.fifo_s_flush:00000000 fifo_s_flush
C:\Users\cyz19\AppData\Local\Temp\ccXlZxSa.s:1605   .text.fifo_s_discard:00000000 $t
C:\Users\cyz19\AppData\Local\Temp\ccXlZxSa.s:1611   .text.fifo_s_discard:00000000 fifo_s_discard
C:\Users\cyz19\AppData\Local\Temp\ccXlZxSa.s:1738   .text.fifo_destory:00000000 $t
C:\Users\cyz19\AppData\Local\Temp\ccXlZxSa.s:1744   .text.fifo_destory:00000000 fifo_destory
C:\Users\cyz19\AppData\Local\Temp\ccXlZxSa.s:1778   .text.fifo_init:00000000 $t
C:\Users\cyz19\AppData\Local\Temp\ccXlZxSa.s:1784   .text.fifo_init:00000000 fifo_init
C:\Users\cyz19\AppData\Local\Temp\ccXlZxSa.s:1833   .text.fifo_create:00000000 $t
C:\Users\cyz19\AppData\Local\Temp\ccXlZxSa.s:1839   .text.fifo_create:00000000 fifo_create
C:\Users\cyz19\AppData\Local\Temp\ccXlZxSa.s:1917   .text.fifo_put:00000000 $t
C:\Users\cyz19\AppData\Local\Temp\ccXlZxSa.s:1923   .text.fifo_put:00000000 fifo_put
C:\Users\cyz19\AppData\Local\Temp\ccXlZxSa.s:2073   .text.fifo_put_noprotect:00000000 $t
C:\Users\cyz19\AppData\Local\Temp\ccXlZxSa.s:2079   .text.fifo_put_noprotect:00000000 fifo_put_noprotect
C:\Users\cyz19\AppData\Local\Temp\ccXlZxSa.s:2160   .text.fifo_get:00000000 $t
C:\Users\cyz19\AppData\Local\Temp\ccXlZxSa.s:2166   .text.fifo_get:00000000 fifo_get
C:\Users\cyz19\AppData\Local\Temp\ccXlZxSa.s:2317   .text.fifo_get_noprotect:00000000 $t
C:\Users\cyz19\AppData\Local\Temp\ccXlZxSa.s:2323   .text.fifo_get_noprotect:00000000 fifo_get_noprotect
C:\Users\cyz19\AppData\Local\Temp\ccXlZxSa.s:2403   .text.fifo_pre_read:00000000 $t
C:\Users\cyz19\AppData\Local\Temp\ccXlZxSa.s:2409   .text.fifo_pre_read:00000000 fifo_pre_read
C:\Users\cyz19\AppData\Local\Temp\ccXlZxSa.s:2485   .text.fifo_is_empty:00000000 $t
C:\Users\cyz19\AppData\Local\Temp\ccXlZxSa.s:2491   .text.fifo_is_empty:00000000 fifo_is_empty
C:\Users\cyz19\AppData\Local\Temp\ccXlZxSa.s:2512   .text.fifo_is_full:00000000 $t
C:\Users\cyz19\AppData\Local\Temp\ccXlZxSa.s:2518   .text.fifo_is_full:00000000 fifo_is_full
C:\Users\cyz19\AppData\Local\Temp\ccXlZxSa.s:2539   .text.fifo_used:00000000 $t
ARM GAS  C:\Users\cyz19\AppData\Local\Temp\ccXlZxSa.s 			page 78


C:\Users\cyz19\AppData\Local\Temp\ccXlZxSa.s:2545   .text.fifo_used:00000000 fifo_used
C:\Users\cyz19\AppData\Local\Temp\ccXlZxSa.s:2564   .text.fifo_free:00000000 $t
C:\Users\cyz19\AppData\Local\Temp\ccXlZxSa.s:2570   .text.fifo_free:00000000 fifo_free
C:\Users\cyz19\AppData\Local\Temp\ccXlZxSa.s:2589   .text.fifo_flush:00000000 $t
C:\Users\cyz19\AppData\Local\Temp\ccXlZxSa.s:2595   .text.fifo_flush:00000000 fifo_flush

UNDEFINED SYMBOLS
free
malloc
memcpy
